investor_id,num_sip_tx,avg_gap_days,max_gap_days,min_gap_days,std_gap_days,at_risk,state,age_group,city_tier
INV000004,6,85.4,265,26,90.7,True,Punjab,26-35,T30
INV000008,6,70.4,165,24,53.2,True,Punjab,26-35,B30
INV000010,6,64.8,139,19,45.4,True,Maharashtra,36-45,T30
INV000011,7,40.2,125,3,40.0,True,West Bengal,26-35,T30
INV000012,8,57.0,132,10,39.8,True,Uttar Pradesh,46-55,B30
INV000013,7,55.3,104,12,40.6,True,Maharashtra,18-25,B30
INV000014,7,75.3,128,33,38.5,True,Tamil Nadu,18-25,T30
INV000023,8,58.6,115,15,33.8,True,West Bengal,46-55,T30
INV000028,6,93.6,238,27,76.9,True,Gujarat,18-25,T30
INV000029,7,60.7,96,16,30.1,True,Rajasthan,26-35,B30
INV000030,9,47.6,100,8,32.4,True,Delhi,18-25,T30
INV000033,8,45.6,87,1,29.0,True,Delhi,36-45,T30
INV000039,6,68.6,129,28,37.3,True,Madhya Pradesh,26-35,B30
INV000045,6,70.6,109,24,33.1,True,Uttar Pradesh,36-45,T30
INV000048,9,46.0,168,3,48.5,True,Rajasthan,36-45,T30
INV000052,6,36.2,120,3,44.1,True,Tamil Nadu,26-35,B30
INV000056,6,74.8,161,45,43.8,True,Haryana,26-35,B30
INV000057,8,49.7,149,5,44.9,True,Tamil Nadu,36-45,T30
INV000069,10,49.1,129,19,34.7,True,Gujarat,56+,T30
INV000072,6,83.0,247,25,83.5,True,Gujarat,18-25,T30
INV000073,9,48.2,112,10,31.4,True,Punjab,18-25,B30
INV000074,8,72.6,191,12,63.0,True,Rajasthan,26-35,T30
INV000075,6,74.8,102,47,19.6,True,Madhya Pradesh,36-45,B30
INV000076,6,91.8,203,25,70.9,True,Gujarat,56+,T30
INV000079,6,65.8,90,11,29.7,True,Gujarat,26-35,T30
INV000081,7,81.3,167,26,44.4,True,Gujarat,36-45,T30
INV000082,7,83.7,351,4,121.2,True,Rajasthan,26-35,B30
INV000086,10,44.7,167,3,48.0,True,Karnataka,18-25,B30
INV000087,6,92.8,202,22,61.5,True,Rajasthan,36-45,T30
INV000091,8,44.0,105,3,39.9,True,Haryana,26-35,T30
INV000093,7,55.5,91,31,23.3,True,Maharashtra,36-45,T30
INV000094,6,44.8,95,9,40.7,True,West Bengal,18-25,T30
INV000095,6,69.4,155,25,44.8,True,West Bengal,18-25,T30
INV000097,7,54.5,183,3,64.4,True,Karnataka,18-25,B30
INV000101,8,65.0,197,8,60.1,True,Madhya Pradesh,26-35,T30
INV000102,8,65.3,109,2,38.8,True,Gujarat,26-35,T30
INV000103,6,83.4,232,10,78.2,True,Punjab,26-35,T30
INV000105,8,57.0,87,23,22.2,True,Punjab,56+,T30
INV000109,9,46.2,63,2,19.3,True,Karnataka,26-35,T30
INV000113,8,46.0,144,2,45.2,True,Punjab,26-35,T30
INV000123,7,59.7,142,6,49.5,True,Punjab,46-55,T30
INV000128,6,82.0,181,6,66.4,True,Rajasthan,36-45,T30
INV000131,7,56.0,123,21,33.2,True,Telangana,36-45,T30
INV000132,6,71.0,139,18,44.1,True,Karnataka,46-55,T30
INV000133,6,88.2,265,2,94.9,True,Karnataka,26-35,T30
INV000138,6,76.2,220,2,78.6,True,Telangana,26-35,T30
INV000145,6,89.4,282,16,98.4,True,Delhi,26-35,T30
INV000146,6,66.8,171,9,63.6,True,Delhi,26-35,T30
INV000148,9,52.0,168,1,51.3,True,Telangana,18-25,T30
INV000155,7,37.3,99,2,33.2,True,Madhya Pradesh,26-35,B30
INV000161,7,73.0,213,24,64.8,True,Rajasthan,18-25,T30
INV000163,8,61.0,80,25,17.8,True,Uttar Pradesh,46-55,B30
INV000164,6,61.8,208,18,73.6,True,Rajasthan,18-25,B30
INV000169,7,67.8,145,0,50.3,True,Rajasthan,26-35,T30
INV000173,7,57.7,165,20,50.5,True,Maharashtra,26-35,T30
INV000175,7,83.7,170,23,56.8,True,Karnataka,26-35,T30
INV000177,8,65.4,278,8,87.9,True,Rajasthan,26-35,T30
INV000180,6,61.8,229,1,84.5,True,Tamil Nadu,46-55,B30
INV000183,9,56.1,216,8,66.4,True,Tamil Nadu,26-35,B30
INV000191,7,56.5,161,2,55.9,True,Karnataka,26-35,T30
INV000194,7,58.0,109,36,24.9,True,Maharashtra,36-45,T30
INV000195,6,77.4,114,27,37.0,True,Madhya Pradesh,36-45,B30
INV000196,7,69.0,176,7,62.4,True,Tamil Nadu,26-35,T30
INV000201,9,51.1,100,1,29.1,True,Madhya Pradesh,46-55,T30
INV000205,8,62.6,193,2,63.7,True,Haryana,18-25,B30
INV000210,8,70.7,163,14,49.8,True,Rajasthan,26-35,T30
INV000214,6,94.8,306,16,107.1,True,Madhya Pradesh,26-35,T30
INV000217,6,92.0,183,16,67.5,True,Tamil Nadu,56+,T30
INV000228,9,59.8,188,1,56.5,True,Karnataka,26-35,T30
INV000236,8,67.1,112,31,30.7,True,Karnataka,36-45,T30
INV000238,6,93.6,287,29,97.2,True,Telangana,36-45,T30
INV000239,8,48.9,105,21,27.2,True,Punjab,36-45,B30
INV000243,6,88.2,137,31,45.4,True,Punjab,26-35,T30
INV000245,6,92.2,164,28,44.3,True,Punjab,26-35,B30
INV000249,7,45.5,162,6,53.8,True,Punjab,26-35,B30
INV000252,6,50.4,96,3,39.2,True,Gujarat,46-55,T30
INV000255,6,48.6,103,3,37.4,True,Haryana,26-35,T30
INV000256,6,70.2,155,8,61.4,True,Delhi,36-45,T30
INV000259,6,70.6,165,9,56.4,True,Tamil Nadu,36-45,B30
INV000260,8,59.6,206,17,63.2,True,Delhi,18-25,T30
INV000262,8,53.6,122,1,47.9,True,Telangana,36-45,T30
INV000263,8,68.4,271,5,88.5,True,Madhya Pradesh,56+,B30
INV000265,10,53.4,140,0,52.5,True,Madhya Pradesh,36-45,B30
INV000268,7,62.3,143,13,40.2,True,Haryana,18-25,T30
INV000279,9,43.4,133,7,42.2,True,Gujarat,26-35,T30
INV000280,9,55.8,191,13,55.4,True,Punjab,26-35,B30
INV000283,6,68.0,195,9,65.5,True,West Bengal,46-55,T30
INV000287,7,69.8,301,6,104.8,True,Uttar Pradesh,56+,B30
INV000289,8,62.7,142,14,41.7,True,Delhi,36-45,T30
INV000291,6,89.0,196,7,68.8,True,Madhya Pradesh,18-25,T30
INV000292,7,46.0,95,4,30.1,True,Uttar Pradesh,18-25,T30
INV000293,7,47.0,91,5,31.0,True,Karnataka,26-35,B30
INV000297,6,90.6,163,31,52.0,True,Gujarat,26-35,T30
INV000299,6,85.2,240,4,82.8,True,Delhi,26-35,T30
INV000304,7,70.0,204,8,69.8,True,West Bengal,36-45,T30
INV000309,8,52.0,157,5,49.1,True,Delhi,26-35,T30
INV000310,7,75.8,164,21,51.1,True,Delhi,36-45,T30
INV000318,6,97.4,175,44,47.5,True,Madhya Pradesh,46-55,B30
INV000319,7,73.5,201,4,64.4,True,Maharashtra,56+,T30
INV000321,7,72.8,204,23,61.7,True,Maharashtra,26-35,T30
INV000328,9,37.5,73,8,21.7,True,Madhya Pradesh,26-35,B30
INV000331,8,50.7,163,10,48.6,True,Madhya Pradesh,36-45,T30
INV000334,7,25.5,60,2,20.7,False,Uttar Pradesh,56+,T30
INV000335,6,96.0,279,8,94.7,True,Maharashtra,26-35,T30
INV000339,6,94.0,195,1,70.6,True,Uttar Pradesh,26-35,B30
INV000341,8,54.4,191,2,71.0,True,Delhi,26-35,T30
INV000356,6,54.4,157,1,55.1,True,Haryana,56+,B30
INV000359,9,54.1,197,9,57.8,True,Tamil Nadu,18-25,T30
INV000363,7,77.0,153,27,46.5,True,Madhya Pradesh,26-35,B30
INV000369,6,43.8,112,6,36.9,True,Delhi,26-35,T30
INV000371,8,59.3,147,3,50.8,True,Uttar Pradesh,26-35,B30
INV000372,7,54.5,121,2,44.5,True,Gujarat,36-45,T30
INV000380,6,97.0,272,12,91.9,True,Haryana,56+,T30
INV000388,9,53.6,119,8,35.7,True,Maharashtra,36-45,B30
INV000392,7,77.2,205,9,73.1,True,Gujarat,26-35,T30
INV000395,7,55.7,119,3,44.5,True,Delhi,18-25,T30
INV000396,6,83.2,153,17,55.5,True,Rajasthan,46-55,T30
INV000399,10,49.6,68,4,18.6,True,Karnataka,26-35,T30
INV000400,6,62.6,101,18,29.7,True,Punjab,26-35,T30
INV000403,6,58.2,90,18,29.9,True,Rajasthan,18-25,T30
INV000407,6,82.4,157,27,47.2,True,Tamil Nadu,36-45,B30
INV000408,6,46.8,125,1,43.8,True,Punjab,56+,B30
INV000412,8,43.7,70,4,21.3,True,Rajasthan,18-25,B30
INV000414,8,66.3,233,8,71.1,True,Tamil Nadu,36-45,T30
INV000415,7,66.2,128,8,49.1,True,Maharashtra,36-45,T30
INV000418,6,86.8,238,3,86.6,True,Rajasthan,26-35,T30
INV000427,7,68.5,116,2,48.2,True,Punjab,56+,B30
INV000428,8,52.1,164,5,50.7,True,Delhi,36-45,T30
INV000429,6,77.2,187,3,62.5,True,Gujarat,36-45,T30
INV000437,6,97.8,295,8,103.3,True,Telangana,26-35,T30
INV000440,8,69.6,162,9,56.6,True,Uttar Pradesh,18-25,B30
INV000441,6,60.8,151,3,50.8,True,Tamil Nadu,26-35,T30
INV000444,6,73.2,129,31,36.4,True,Maharashtra,36-45,T30
INV000445,9,57.8,129,13,32.3,True,Madhya Pradesh,26-35,B30
INV000446,6,38.6,101,1,37.5,True,Rajasthan,26-35,T30
INV000449,6,46.8,70,17,17.0,True,Haryana,18-25,B30
INV000452,9,49.4,123,11,33.5,True,Tamil Nadu,26-35,B30
INV000457,6,91.4,256,1,93.0,True,Haryana,26-35,B30
INV000460,6,43.4,107,2,39.9,True,Delhi,36-45,T30
INV000463,7,65.2,181,18,55.1,True,Gujarat,26-35,T30
INV000466,7,73.3,135,4,50.3,True,Haryana,18-25,B30
INV000467,10,56.7,272,1,81.2,True,Karnataka,18-25,T30
INV000469,7,70.5,183,8,61.9,True,Tamil Nadu,18-25,B30
INV000483,8,70.4,252,5,77.6,True,Haryana,18-25,T30
INV000491,6,95.0,202,10,67.4,True,Madhya Pradesh,56+,T30
INV000493,10,47.6,201,2,57.4,True,Punjab,18-25,T30
INV000497,7,71.8,191,19,66.8,True,Madhya Pradesh,36-45,B30
INV000499,7,77.8,157,31,49.3,True,Delhi,36-45,T30
INV000507,7,70.2,249,1,83.8,True,Gujarat,36-45,T30
INV000512,9,54.8,112,2,40.2,True,Punjab,46-55,B30
INV000522,6,100.8,309,20,106.2,True,Punjab,26-35,T30
INV000524,7,55.0,91,11,29.3,True,West Bengal,56+,T30
INV000527,6,50.8,116,12,44.5,True,Telangana,26-35,T30
INV000529,6,59.2,110,2,38.2,True,Maharashtra,18-25,T30
INV000531,7,47.0,82,2,29.4,True,Delhi,56+,T30
INV000539,7,77.0,153,8,59.2,True,Haryana,26-35,B30
INV000540,7,73.5,123,33,30.8,True,Tamil Nadu,26-35,B30
INV000543,7,83.7,218,7,70.6,True,Haryana,36-45,T30
INV000545,6,80.6,181,10,59.3,True,Telangana,26-35,T30
INV000546,9,55.0,154,5,57.0,True,Karnataka,26-35,B30
INV000547,6,55.8,140,18,44.0,True,West Bengal,26-35,T30
INV000549,6,96.2,146,15,46.1,True,Tamil Nadu,46-55,B30
INV000553,6,72.0,172,12,55.9,True,Rajasthan,36-45,T30
INV000554,6,70.2,171,12,58.0,True,Delhi,36-45,T30
INV000556,8,52.4,156,13,45.5,True,Rajasthan,18-25,B30
INV000562,6,74.4,197,2,81.0,True,Gujarat,36-45,T30
INV000563,7,76.3,198,14,63.1,True,Uttar Pradesh,26-35,T30
INV000566,7,35.0,119,1,39.3,False,Uttar Pradesh,36-45,B30
INV000567,6,63.8,166,2,66.9,True,Delhi,26-35,T30
INV000568,6,62.4,180,4,64.8,True,Delhi,36-45,T30
INV000570,8,67.3,186,8,58.6,True,Madhya Pradesh,26-35,B30
INV000573,7,50.8,154,7,47.8,True,Madhya Pradesh,56+,B30
INV000575,6,71.6,155,6,59.2,True,Punjab,26-35,B30
INV000578,7,66.8,164,19,54.7,True,Maharashtra,26-35,B30
INV000581,7,78.3,160,9,57.7,True,Tamil Nadu,36-45,B30
INV000586,7,44.5,111,7,32.8,True,West Bengal,36-45,T30
INV000589,9,59.1,90,18,28.1,True,Uttar Pradesh,18-25,B30
INV000591,7,64.5,112,3,38.7,True,Karnataka,18-25,T30
INV000593,6,74.2,179,12,59.7,True,Telangana,56+,T30
INV000596,9,51.8,140,4,45.3,True,Madhya Pradesh,56+,T30
INV000597,6,88.6,198,5,69.0,True,Gujarat,46-55,T30
INV000599,7,81.5,171,15,53.8,True,Gujarat,36-45,T30
INV000607,7,66.7,209,1,75.6,True,Rajasthan,56+,T30
INV000608,6,100.2,324,0,117.1,True,Haryana,46-55,T30
INV000609,6,47.0,87,4,31.9,True,Tamil Nadu,18-25,B30
INV000612,11,49.3,169,2,46.7,True,Punjab,18-25,B30
INV000615,7,55.8,139,10,52.7,True,Punjab,36-45,B30
INV000624,7,31.7,53,6,16.9,False,West Bengal,56+,T30
INV000625,6,86.4,134,45,30.0,True,Rajasthan,46-55,T30
INV000630,7,68.7,161,19,51.3,True,Uttar Pradesh,26-35,B30
INV000631,6,54.0,145,2,53.0,True,Delhi,36-45,T30
INV000634,9,52.2,147,13,40.5,True,Karnataka,26-35,T30
INV000635,6,75.0,240,1,85.5,True,Delhi,18-25,T30
INV000641,6,54.8,126,1,47.8,True,Punjab,26-35,B30
INV000642,9,53.5,139,2,42.6,True,Gujarat,26-35,T30
INV000645,6,66.0,127,24,48.6,True,Karnataka,18-25,T30
INV000646,7,62.3,138,24,38.8,True,Uttar Pradesh,26-35,T30
INV000651,6,94.0,304,5,116.5,True,Delhi,18-25,T30
INV000652,6,93.8,262,25,86.3,True,Delhi,26-35,T30
INV000657,8,64.7,106,9,29.2,True,Tamil Nadu,26-35,B30
INV000662,8,66.1,185,22,56.5,True,Gujarat,36-45,T30
INV000663,6,94.4,247,5,84.9,True,Haryana,26-35,T30
INV000665,10,36.2,148,4,43.6,True,Rajasthan,26-35,B30
INV000667,6,68.0,134,6,48.4,True,Telangana,26-35,T30
INV000673,6,92.8,235,30,73.3,True,Maharashtra,36-45,B30
INV000675,6,62.8,155,4,57.1,True,Uttar Pradesh,36-45,B30
INV000676,11,35.3,106,1,31.2,True,Rajasthan,56+,B30
INV000678,7,63.3,140,19,40.8,True,Gujarat,26-35,T30
INV000683,9,54.5,137,5,52.1,True,Maharashtra,26-35,T30
INV000690,8,56.3,134,23,34.8,True,Delhi,46-55,T30
INV000691,6,66.4,163,1,53.2,True,Tamil Nadu,18-25,T30
INV000698,9,52.2,219,1,67.9,True,Madhya Pradesh,18-25,B30
INV000699,6,42.8,147,3,52.8,True,Rajasthan,18-25,T30
INV000701,7,83.7,298,7,98.0,True,West Bengal,36-45,T30
INV000707,9,34.4,106,2,31.2,False,Karnataka,36-45,B30
INV000709,7,65.2,128,11,42.5,True,Telangana,26-35,T30
INV000710,6,88.6,264,11,90.6,True,Delhi,26-35,T30
INV000714,9,37.0,95,2,31.5,True,Uttar Pradesh,26-35,B30
INV000718,7,57.8,118,11,43.1,True,Delhi,26-35,T30
INV000719,7,72.8,185,3,65.2,True,Tamil Nadu,18-25,B30
INV000724,6,81.2,227,8,88.0,True,Uttar Pradesh,46-55,B30
INV000725,7,67.7,92,38,20.3,True,Telangana,18-25,T30
INV000734,8,64.0,180,2,58.6,True,Maharashtra,26-35,T30
INV000737,6,92.6,168,53,40.2,True,Madhya Pradesh,26-35,T30
INV000747,6,84.6,205,11,84.4,True,West Bengal,36-45,T30
INV000750,9,26.5,84,4,24.1,False,Delhi,26-35,T30
INV000751,9,53.0,193,3,58.8,True,Uttar Pradesh,36-45,B30
INV000754,7,72.3,103,25,25.9,True,West Bengal,26-35,T30
INV000759,7,83.0,156,1,59.9,True,Gujarat,26-35,T30
INV000761,7,75.2,173,6,62.0,True,Rajasthan,18-25,B30
INV000768,8,60.0,124,29,29.4,True,Delhi,56+,T30
INV000772,6,46.0,81,16,28.3,True,Karnataka,56+,T30
INV000774,7,73.7,169,3,65.1,True,Telangana,36-45,T30
INV000776,8,59.4,116,9,31.6,True,Rajasthan,26-35,T30
INV000777,6,66.0,121,32,34.7,True,Uttar Pradesh,26-35,T30
INV000778,8,59.7,182,9,56.9,True,Haryana,26-35,B30
INV000779,6,75.0,153,7,58.1,True,Gujarat,36-45,T30
INV000783,6,89.8,187,14,65.1,True,Gujarat,46-55,T30
INV000785,6,32.6,66,11,19.1,False,Tamil Nadu,36-45,T30
INV000786,9,64.1,199,4,63.7,True,Madhya Pradesh,26-35,B30
INV000789,8,55.1,225,9,70.6,True,Gujarat,56+,T30
INV000793,8,69.1,149,19,48.2,True,West Bengal,26-35,T30
INV000803,7,77.2,147,45,37.3,True,Karnataka,26-35,B30
INV000814,6,94.0,195,18,59.7,True,Delhi,26-35,T30
INV000822,7,55.5,141,10,47.8,True,Punjab,26-35,B30
INV000823,7,39.7,69,5,24.0,True,Madhya Pradesh,46-55,B30
INV000827,8,58.3,122,5,36.6,True,Maharashtra,36-45,T30
INV000830,6,72.2,165,3,63.4,True,Tamil Nadu,36-45,T30
INV000833,8,67.3,182,4,72.4,True,Maharashtra,18-25,B30
INV000836,6,84.8,123,51,23.9,True,Haryana,26-35,T30
INV000843,6,55.6,102,14,38.8,True,Maharashtra,26-35,T30
INV000844,7,66.2,151,13,51.9,True,Gujarat,26-35,T30
INV000847,6,47.8,75,17,19.7,True,West Bengal,26-35,T30
INV000853,10,49.3,193,3,56.4,True,Punjab,26-35,T30
INV000854,9,61.2,170,3,58.2,True,Karnataka,46-55,T30
INV000858,9,44.9,157,2,44.9,True,Tamil Nadu,36-45,T30
INV000862,6,91.2,372,4,140.9,True,Uttar Pradesh,26-35,B30
INV000864,6,40.8,106,15,33.0,True,Tamil Nadu,26-35,T30
INV000865,9,45.8,99,2,32.7,True,Tamil Nadu,26-35,B30
INV000869,6,65.4,100,20,36.4,True,West Bengal,26-35,T30
INV000873,7,73.5,299,4,103.6,True,Uttar Pradesh,26-35,T30
INV000874,9,62.1,149,7,50.6,True,Tamil Nadu,56+,T30
INV000877,6,59.4,159,6,55.7,True,Telangana,36-45,T30
INV000881,10,46.1,155,11,43.4,True,Uttar Pradesh,26-35,B30
INV000887,7,65.7,268,0,93.2,True,Tamil Nadu,36-45,B30
INV000888,7,80.3,166,12,58.8,True,Gujarat,26-35,T30
INV000893,7,59.5,147,15,44.2,True,Punjab,46-55,T30
INV000894,6,55.0,105,19,35.1,True,Tamil Nadu,36-45,B30
INV000901,6,54.0,95,11,27.5,True,Delhi,46-55,T30
INV000907,6,59.2,139,4,44.4,True,Karnataka,46-55,T30
INV000920,6,75.6,220,3,75.6,True,Delhi,56+,T30
INV000926,6,80.0,111,19,32.6,True,Delhi,36-45,T30
INV000929,7,58.2,116,7,34.2,True,West Bengal,36-45,T30
INV000930,8,32.4,118,4,36.6,False,Rajasthan,18-25,B30
INV000935,9,30.9,73,1,26.0,False,Telangana,36-45,T30
INV000939,8,60.6,154,23,42.9,True,Karnataka,26-35,T30
INV000942,7,53.0,92,4,27.0,True,Haryana,56+,B30
INV000949,7,67.5,135,15,46.8,True,Tamil Nadu,26-35,B30
INV000950,6,91.0,215,22,74.8,True,Punjab,36-45,B30
INV000971,7,46.8,139,2,50.0,True,Maharashtra,36-45,T30
INV000974,7,73.5,143,10,48.1,True,Maharashtra,46-55,T30
INV000977,10,48.8,147,3,46.1,True,Karnataka,56+,B30
INV000979,6,79.8,115,60,19.1,True,Karnataka,26-35,T30
INV000980,8,44.4,121,19,33.3,True,West Bengal,18-25,T30
INV000981,6,50.4,104,9,37.2,True,West Bengal,36-45,T30
INV000986,7,60.8,182,8,59.1,True,Tamil Nadu,26-35,B30
INV000994,6,63.8,167,17,53.0,True,Maharashtra,26-35,T30
INV001001,8,60.3,137,13,47.1,True,Madhya Pradesh,26-35,T30
INV001002,7,41.7,85,1,32.4,True,Telangana,36-45,T30
INV001005,6,93.6,206,27,61.1,True,Karnataka,46-55,T30
INV001008,7,64.7,191,3,62.9,True,Rajasthan,46-55,B30
INV001013,6,96.8,164,13,54.9,True,Telangana,36-45,T30
INV001017,6,67.0,142,4,52.5,True,West Bengal,26-35,T30
INV001019,9,44.9,180,3,54.0,True,Madhya Pradesh,26-35,T30
INV001021,7,68.7,186,13,61.1,True,Maharashtra,56+,T30
INV001023,8,72.4,202,4,74.2,True,Gujarat,36-45,T30
INV001025,6,38.8,76,1,24.9,True,Maharashtra,18-25,T30
INV001026,6,69.4,132,25,40.6,True,Haryana,26-35,T30
INV001037,10,42.0,86,3,30.2,True,Haryana,36-45,B30
INV001039,6,66.2,187,25,61.6,True,Gujarat,36-45,T30
INV001041,7,83.0,195,11,70.8,True,Madhya Pradesh,18-25,B30
INV001047,7,66.2,142,1,52.3,True,Tamil Nadu,56+,T30
INV001048,8,47.0,84,16,27.1,True,Delhi,46-55,T30
INV001051,8,54.1,139,14,41.0,True,Haryana,26-35,T30
INV001053,8,55.9,116,10,39.9,True,West Bengal,46-55,T30
INV001055,6,93.2,177,11,52.6,True,Haryana,26-35,T30
INV001060,9,53.4,89,5,30.2,True,Telangana,36-45,T30
INV001061,9,51.1,141,3,47.3,True,Punjab,18-25,B30
INV001063,8,43.3,120,8,35.0,True,Haryana,26-35,B30
INV001064,9,59.5,160,1,57.9,True,West Bengal,46-55,T30
INV001069,8,41.3,98,3,30.6,True,Telangana,26-35,T30
INV001070,6,97.0,329,7,119.1,True,Tamil Nadu,26-35,B30
INV001092,7,77.3,186,24,52.1,True,Haryana,26-35,T30
INV001099,8,26.1,63,1,24.2,False,Haryana,26-35,T30
INV001102,7,55.3,87,8,23.6,True,West Bengal,46-55,T30
INV001115,6,81.4,290,4,105.2,True,Uttar Pradesh,26-35,B30
INV001116,9,58.1,194,2,58.7,True,Haryana,36-45,B30
INV001117,8,61.7,137,2,39.6,True,Punjab,18-25,B30
INV001130,7,76.8,131,47,30.2,True,Rajasthan,18-25,T30
INV001137,7,57.0,120,1,42.2,True,West Bengal,56+,T30
INV001140,6,60.4,125,13,52.8,True,Uttar Pradesh,36-45,T30
INV001141,6,97.6,132,56,24.9,True,West Bengal,18-25,T30
INV001142,7,42.8,106,4,42.0,True,Uttar Pradesh,26-35,T30
INV001156,6,102.4,175,33,61.3,True,Madhya Pradesh,56+,T30
INV001160,8,57.6,99,23,24.4,True,Karnataka,36-45,B30
INV001161,6,80.6,159,21,47.0,True,Uttar Pradesh,26-35,B30
INV001163,7,67.3,255,3,88.4,True,Karnataka,26-35,B30
INV001167,6,96.2,207,0,81.2,True,Punjab,36-45,B30
INV001170,6,68.2,119,10,47.9,True,Karnataka,36-45,B30
INV001173,6,67.0,146,6,51.5,True,Punjab,26-35,T30
INV001178,7,79.7,140,41,32.1,True,West Bengal,26-35,T30
INV001180,6,74.4,198,19,65.1,True,Telangana,26-35,T30
INV001181,8,67.4,163,12,48.1,True,West Bengal,26-35,T30
INV001190,6,97.0,198,23,57.8,True,Maharashtra,26-35,T30
INV001195,8,53.4,167,5,68.5,True,Gujarat,26-35,T30
INV001196,6,92.2,169,34,52.0,True,Punjab,26-35,T30
INV001202,8,58.0,103,29,22.6,True,Karnataka,26-35,T30
INV001206,6,83.6,190,1,67.5,True,Delhi,26-35,T30
INV001208,7,51.8,107,6,35.8,True,Gujarat,56+,T30
INV001210,9,36.9,93,0,31.3,True,Uttar Pradesh,36-45,B30
INV001217,8,60.1,205,2,67.4,True,Rajasthan,26-35,T30
INV001219,8,50.9,118,1,42.8,True,West Bengal,26-35,T30
INV001220,7,77.2,104,31,26.6,True,Punjab,36-45,T30
INV001223,7,70.8,175,14,51.2,True,Punjab,56+,B30
INV001234,8,60.6,119,21,32.9,True,Uttar Pradesh,26-35,B30
INV001235,9,59.0,161,4,52.8,True,Haryana,26-35,B30
INV001237,6,98.0,182,20,59.5,True,West Bengal,26-35,T30
INV001238,7,68.5,220,2,76.1,True,Haryana,26-35,T30
INV001242,6,69.8,128,13,41.6,True,Tamil Nadu,36-45,T30
INV001251,6,82.0,223,9,74.7,True,Punjab,26-35,T30
INV001262,7,44.8,116,4,41.8,True,Karnataka,26-35,T30
INV001274,7,73.3,161,12,55.3,True,Maharashtra,36-45,T30
INV001275,7,66.7,140,3,53.4,True,Delhi,36-45,T30
INV001282,6,67.0,196,17,65.5,True,West Bengal,18-25,T30
INV001287,6,92.2,157,32,53.3,True,Telangana,36-45,T30
INV001288,7,45.7,148,4,49.5,True,Telangana,26-35,T30
INV001291,6,76.2,181,1,60.1,True,Uttar Pradesh,46-55,T30
INV001295,9,50.8,165,8,47.0,True,Madhya Pradesh,36-45,T30
INV001298,7,71.8,158,12,54.6,True,Delhi,26-35,T30
INV001299,9,51.2,121,10,33.3,True,Haryana,26-35,B30
INV001304,6,97.6,177,31,52.6,True,Gujarat,26-35,T30
INV001308,9,54.6,147,8,40.3,True,Rajasthan,36-45,T30
INV001310,6,81.2,232,15,76.9,True,Telangana,46-55,T30
INV001314,10,50.4,130,0,37.2,True,Gujarat,26-35,T30
INV001315,7,51.8,124,5,51.5,True,Telangana,46-55,T30
INV001316,6,92.4,198,13,82.7,True,Punjab,18-25,T30
INV001317,6,84.8,162,2,61.1,True,Punjab,26-35,T30
INV001318,10,46.2,150,3,50.7,True,Telangana,36-45,T30
INV001326,8,69.4,182,8,61.1,True,Rajasthan,46-55,B30
INV001329,6,68.2,97,43,23.4,True,Punjab,36-45,B30
INV001331,6,94.2,202,39,56.5,True,Gujarat,26-35,T30
INV001332,7,80.0,179,16,66.5,True,Uttar Pradesh,26-35,B30
INV001333,7,78.7,185,12,64.9,True,Haryana,26-35,B30
INV001336,8,65.9,198,2,65.2,True,Tamil Nadu,18-25,B30
INV001348,7,47.8,121,20,34.5,True,Haryana,26-35,T30
INV001351,7,70.5,208,2,68.5,True,Uttar Pradesh,26-35,B30
INV001355,6,60.2,187,4,69.9,True,Tamil Nadu,46-55,T30
INV001356,6,79.2,191,7,64.9,True,Gujarat,26-35,T30
INV001359,7,72.5,313,2,108.2,True,Haryana,36-45,T30
INV001361,7,50.5,103,5,35.7,True,West Bengal,26-35,T30
INV001367,6,99.0,222,15,74.3,True,Maharashtra,36-45,B30
INV001375,7,78.5,176,31,54.6,True,Haryana,18-25,T30
INV001376,7,78.7,181,6,70.2,True,Gujarat,26-35,T30
INV001383,8,56.1,117,16,30.3,True,Maharashtra,26-35,T30
INV001387,9,57.2,130,2,40.5,True,Tamil Nadu,36-45,T30
INV001394,8,63.6,171,2,60.1,True,Karnataka,56+,T30
INV001400,6,76.8,266,5,96.4,True,Tamil Nadu,36-45,B30
INV001401,6,68.6,197,8,66.1,True,Tamil Nadu,26-35,B30
INV001406,10,47.7,202,3,59.3,True,Telangana,46-55,T30
INV001407,6,45.2,141,11,48.2,True,Rajasthan,26-35,B30
INV001415,8,68.1,173,10,51.4,True,Haryana,56+,T30
INV001418,6,88.6,187,14,64.4,True,Delhi,36-45,T30
INV001419,6,85.8,137,35,35.8,True,Delhi,26-35,T30
INV001423,8,48.6,105,3,40.1,True,Madhya Pradesh,18-25,B30
INV001428,6,79.4,174,26,50.6,True,Delhi,26-35,T30
INV001432,6,71.4,175,6,63.2,True,Uttar Pradesh,36-45,T30
INV001434,6,80.6,178,5,63.8,True,Maharashtra,46-55,T30
INV001442,9,57.1,238,1,71.8,True,Uttar Pradesh,26-35,T30
INV001454,7,73.0,176,4,69.3,True,Tamil Nadu,26-35,T30
INV001455,8,64.7,153,6,48.8,True,Madhya Pradesh,36-45,T30
INV001457,6,43.8,63,30,13.9,True,Gujarat,26-35,T30
INV001458,7,59.8,101,12,31.7,True,Tamil Nadu,46-55,B30
INV001466,6,44.6,82,0,30.2,True,Delhi,46-55,T30
INV001472,6,79.0,141,13,54.1,True,West Bengal,18-25,T30
INV001482,6,80.6,280,9,101.4,True,Madhya Pradesh,46-55,T30
INV001485,9,55.0,150,9,42.9,True,Rajasthan,56+,T30
INV001491,6,98.8,260,23,87.0,True,Tamil Nadu,56+,T30
INV001497,9,63.0,138,2,48.0,True,Maharashtra,36-45,T30
INV001504,9,54.2,134,11,39.6,True,Haryana,36-45,B30
INV001507,6,86.2,167,34,44.3,True,Uttar Pradesh,26-35,T30
INV001510,7,66.8,124,12,42.4,True,Gujarat,26-35,T30
INV001514,7,51.8,72,45,9.2,True,Delhi,46-55,T30
INV001516,6,56.8,85,1,31.3,True,Tamil Nadu,26-35,B30
INV001526,6,50.4,134,3,47.7,True,Madhya Pradesh,26-35,B30
INV001530,7,64.7,122,13,33.4,True,Telangana,26-35,T30
INV001532,7,56.8,101,1,33.1,True,Madhya Pradesh,36-45,B30
INV001536,7,69.0,189,6,68.7,True,Karnataka,26-35,B30
INV001545,6,92.8,208,15,74.8,True,Madhya Pradesh,26-35,B30
INV001547,7,72.2,119,10,37.1,True,Tamil Nadu,36-45,B30
INV001548,6,80.6,197,9,64.9,True,Delhi,26-35,T30
INV001550,7,79.0,191,2,61.9,True,Punjab,18-25,T30
INV001551,6,61.8,131,34,36.2,True,Tamil Nadu,26-35,T30
INV001562,10,44.2,146,7,40.5,True,Delhi,26-35,T30
INV001564,8,55.7,157,16,46.6,True,Haryana,46-55,B30
INV001569,6,83.4,314,2,117.6,True,Punjab,46-55,T30
INV001579,7,75.0,193,5,61.3,True,Karnataka,46-55,T30
INV001580,7,45.7,119,5,35.2,True,Punjab,26-35,T30
INV001585,6,56.6,182,1,66.2,True,Telangana,36-45,T30
INV001587,7,65.0,144,4,49.1,True,Punjab,26-35,T30
INV001597,7,56.0,165,9,53.4,True,West Bengal,36-45,T30
INV001599,6,58.2,133,2,43.2,True,Haryana,36-45,B30
INV001602,6,93.8,294,32,100.6,True,West Bengal,36-45,T30
INV001603,7,54.5,93,27,20.8,True,Uttar Pradesh,46-55,B30
INV001605,8,60.6,136,1,49.5,True,Uttar Pradesh,26-35,B30
INV001606,7,67.7,148,17,52.5,True,Punjab,26-35,B30
INV001616,9,53.0,117,1,39.5,True,Tamil Nadu,26-35,T30
INV001623,6,92.0,188,21,59.8,True,Gujarat,26-35,T30
INV001625,6,72.0,209,21,69.1,True,Uttar Pradesh,46-55,B30
INV001628,8,51.7,139,3,48.4,True,Rajasthan,36-45,T30
INV001629,7,67.5,82,49,11.7,True,Madhya Pradesh,26-35,T30
INV001631,6,57.0,101,30,24.2,True,Haryana,36-45,B30
INV001636,9,48.9,159,6,48.1,True,Rajasthan,18-25,B30
INV001641,6,88.4,168,13,49.3,True,Haryana,26-35,B30
INV001644,6,65.6,89,27,23.8,True,Madhya Pradesh,18-25,B30
INV001645,6,67.6,202,1,70.1,True,Uttar Pradesh,46-55,B30
INV001649,10,51.7,120,3,41.3,True,Telangana,36-45,T30
INV001651,7,78.7,130,7,47.7,True,Gujarat,18-25,T30
INV001653,6,55.2,94,0,44.3,True,Maharashtra,36-45,T30
INV001654,7,56.0,137,6,42.6,True,Uttar Pradesh,36-45,T30
INV001656,8,59.9,246,15,76.7,True,Madhya Pradesh,26-35,B30
INV001662,6,60.2,147,6,64.2,True,Delhi,36-45,T30
INV001672,9,34.0,130,0,41.3,False,Maharashtra,18-25,T30
INV001673,11,49.3,181,3,52.1,True,West Bengal,26-35,T30
INV001680,9,58.9,200,5,69.5,True,Madhya Pradesh,26-35,T30
INV001683,7,72.5,186,10,54.9,True,Haryana,26-35,T30
INV001689,6,83.6,153,17,47.6,True,Haryana,36-45,B30
INV001690,7,81.2,114,39,30.3,True,Rajasthan,36-45,T30
INV001691,6,82.0,254,2,88.2,True,Maharashtra,26-35,T30
INV001694,8,66.1,144,5,48.3,True,Punjab,46-55,B30
INV001697,9,62.5,287,11,85.7,True,Haryana,18-25,T30
INV001699,6,83.2,183,6,72.7,True,Madhya Pradesh,26-35,T30
INV001709,6,51.8,84,21,26.3,True,Delhi,36-45,T30
INV001711,7,65.8,189,12,67.0,True,Madhya Pradesh,46-55,B30
INV001712,6,66.6,144,10,50.9,True,West Bengal,18-25,T30
INV001715,8,68.3,188,2,59.7,True,Gujarat,18-25,T30
INV001718,6,84.0,237,5,84.6,True,Gujarat,26-35,T30
INV001724,7,69.7,134,33,36.0,True,Madhya Pradesh,26-35,T30
INV001728,8,50.6,131,12,36.4,True,Karnataka,26-35,T30
INV001737,7,56.8,191,2,63.8,True,Telangana,26-35,T30
INV001738,9,47.5,153,5,43.0,True,Karnataka,36-45,T30
INV001739,9,52.5,96,10,24.6,True,West Bengal,36-45,T30
INV001741,6,89.4,260,11,91.7,True,Rajasthan,36-45,B30
INV001744,7,78.5,155,10,42.1,True,Karnataka,26-35,B30
INV001752,7,69.3,170,6,56.3,True,Rajasthan,26-35,B30
INV001753,11,42.8,128,7,36.1,True,Rajasthan,26-35,T30
INV001757,8,55.6,121,4,38.6,True,Telangana,46-55,T30
INV001759,10,49.6,126,2,39.2,True,Haryana,36-45,B30
INV001769,6,98.0,166,6,59.0,True,Punjab,18-25,T30
INV001772,6,95.0,184,32,64.7,True,Telangana,36-45,T30
INV001775,8,29.1,65,3,19.5,False,Uttar Pradesh,26-35,B30
INV001777,9,57.6,156,1,53.1,True,West Bengal,18-25,T30
INV001778,8,63.6,283,17,89.9,True,Maharashtra,26-35,T30
INV001797,7,79.7,132,23,41.4,True,Punjab,26-35,B30
INV001800,7,49.7,132,2,42.2,True,Tamil Nadu,26-35,T30
INV001802,7,61.7,151,24,41.1,True,Punjab,46-55,T30
INV001803,6,59.0,127,2,47.8,True,Rajasthan,26-35,B30
INV001804,8,55.9,126,11,43.8,True,Punjab,26-35,B30
INV001806,8,60.0,209,10,70.5,True,Telangana,36-45,T30
INV001809,6,95.6,249,24,82.0,True,Telangana,46-55,T30
INV001811,9,54.2,196,5,66.3,True,Punjab,18-25,B30
INV001822,6,19.8,43,6,13.7,False,Gujarat,36-45,T30
INV001823,8,58.1,172,0,53.6,True,Tamil Nadu,26-35,B30
INV001826,6,51.2,128,23,39.0,True,Punjab,18-25,B30
INV001828,8,44.4,91,3,27.7,True,Gujarat,36-45,T30
INV001831,6,72.8,181,19,61.5,True,Madhya Pradesh,18-25,T30
INV001837,7,62.8,157,7,59.1,True,Uttar Pradesh,18-25,B30
INV001841,6,56.2,129,2,53.1,True,Madhya Pradesh,36-45,B30
INV001853,8,47.4,95,2,30.8,True,Delhi,18-25,T30
INV001858,8,55.1,261,10,84.3,True,Punjab,36-45,B30
INV001865,7,63.5,145,19,41.8,True,Telangana,18-25,T30
INV001866,6,58.8,117,9,40.4,True,Telangana,36-45,T30
INV001870,7,76.0,164,0,57.0,True,Madhya Pradesh,26-35,T30
INV001871,7,55.0,101,13,36.1,True,Delhi,56+,T30
INV001883,6,99.2,203,5,73.7,True,Maharashtra,46-55,T30
INV001885,6,71.2,128,20,47.6,True,Karnataka,26-35,T30
INV001886,9,50.8,129,4,51.4,True,Haryana,18-25,T30
INV001890,6,102.6,207,19,67.3,True,Madhya Pradesh,26-35,B30
INV001891,6,96.4,261,10,106.5,True,West Bengal,26-35,T30
INV001909,8,62.1,121,1,43.7,True,Telangana,36-45,T30
INV001912,6,86.4,256,3,89.3,True,Haryana,26-35,T30
INV001920,7,39.0,76,16,18.1,True,Madhya Pradesh,36-45,T30
INV001921,8,68.6,225,6,70.1,True,Gujarat,26-35,T30
INV001923,7,80.7,106,23,27.5,True,Gujarat,18-25,T30
INV001924,7,59.2,119,8,32.7,True,Karnataka,18-25,T30
INV001927,6,58.8,91,40,17.4,True,Rajasthan,56+,T30
INV001929,6,66.2,242,6,89.5,True,Rajasthan,56+,T30
INV001937,8,60.4,253,1,79.6,True,Haryana,18-25,T30
INV001938,9,43.0,112,0,36.7,True,Karnataka,26-35,B30
INV001943,6,74.4,171,5,61.8,True,West Bengal,56+,T30
INV001950,7,60.2,134,6,41.6,True,Maharashtra,26-35,T30
INV001951,7,58.8,124,15,39.7,True,Punjab,26-35,T30
INV001954,6,86.8,273,4,97.6,True,Uttar Pradesh,26-35,B30
INV001955,6,76.0,199,30,63.0,True,Madhya Pradesh,26-35,B30
INV001961,6,83.4,234,4,78.9,True,Delhi,26-35,T30
INV001969,6,79.2,163,12,59.8,True,Uttar Pradesh,26-35,B30
INV001971,8,54.7,87,9,30.0,True,Gujarat,26-35,T30
INV001972,8,42.4,153,8,48.8,True,Uttar Pradesh,18-25,B30
INV001978,6,83.2,112,35,27.8,True,Telangana,36-45,T30
INV001979,6,55.4,100,22,30.4,True,Maharashtra,26-35,T30
INV001982,6,85.8,289,24,101.8,True,Karnataka,26-35,B30
INV001986,7,47.7,98,14,30.8,True,Madhya Pradesh,36-45,T30
INV001987,7,67.0,241,9,82.0,True,Tamil Nadu,18-25,B30
INV001990,8,45.3,91,18,29.9,True,Punjab,26-35,B30
INV001993,6,56.6,147,5,57.4,True,Uttar Pradesh,36-45,B30
INV001995,6,48.6,94,7,28.8,True,Gujarat,26-35,T30
INV001997,6,88.6,168,11,53.1,True,Delhi,56+,T30
INV002001,6,84.8,335,3,127.1,True,Uttar Pradesh,36-45,B30
INV002006,6,73.6,157,11,56.9,True,Punjab,26-35,T30
INV002010,6,74.6,103,46,21.2,True,Uttar Pradesh,56+,B30
INV002017,7,44.7,99,7,37.9,True,Karnataka,26-35,B30
INV002018,6,63.6,106,15,35.7,True,Uttar Pradesh,26-35,B30
INV002019,6,68.8,117,31,34.3,True,Delhi,36-45,T30
INV002025,7,55.8,92,10,32.5,True,Karnataka,26-35,B30
INV002033,7,55.0,123,18,45.1,True,Gujarat,46-55,T30
INV002034,8,69.0,166,9,59.4,True,Uttar Pradesh,26-35,T30
INV002037,6,33.2,61,0,21.1,False,Delhi,56+,T30
INV002038,6,84.0,202,7,82.0,True,Madhya Pradesh,26-35,B30
INV002051,6,78.6,159,2,58.2,True,Gujarat,46-55,T30
INV002052,7,44.2,114,17,34.2,True,Uttar Pradesh,36-45,T30
INV002069,10,47.6,95,3,33.8,True,West Bengal,46-55,T30
INV002070,7,81.3,118,30,29.8,True,Telangana,36-45,T30
INV002083,10,51.7,193,0,55.6,True,Gujarat,26-35,T30
INV002085,6,65.0,220,9,78.1,True,Telangana,56+,T30
INV002090,6,90.2,231,6,91.1,True,Maharashtra,26-35,T30
INV002092,7,33.5,54,11,14.2,False,Punjab,18-25,B30
INV002101,6,80.2,248,11,90.6,True,Uttar Pradesh,26-35,T30
INV002102,6,44.8,63,32,10.6,True,Madhya Pradesh,26-35,B30
INV002107,8,71.1,298,4,96.3,True,Telangana,26-35,T30
INV002111,8,62.4,123,6,37.5,True,Telangana,36-45,T30
INV002119,6,78.0,195,35,60.6,True,Tamil Nadu,26-35,B30
INV002121,7,68.5,197,15,63.0,True,Madhya Pradesh,18-25,B30
INV002122,7,40.3,97,14,26.8,True,Gujarat,46-55,T30
INV002127,6,60.2,113,15,35.2,True,Rajasthan,18-25,B30
INV002134,7,82.7,180,42,47.6,True,Rajasthan,26-35,B30
INV002138,6,91.8,189,10,75.6,True,Karnataka,46-55,T30
INV002142,9,45.5,162,1,52.0,True,Tamil Nadu,18-25,T30
INV002143,8,63.6,148,8,47.1,True,Uttar Pradesh,26-35,T30
INV002149,8,42.3,215,0,71.5,True,Tamil Nadu,26-35,B30
INV002150,6,73.6,216,17,72.5,True,Uttar Pradesh,26-35,B30
INV002151,9,60.4,201,7,59.1,True,Rajasthan,26-35,T30
INV002153,7,67.8,194,10,73.6,True,Maharashtra,18-25,B30
INV002154,6,89.4,175,20,53.2,True,Uttar Pradesh,36-45,T30
INV002155,6,78.0,190,5,73.4,True,Telangana,56+,T30
INV002157,7,58.5,142,11,45.2,True,Punjab,26-35,T30
INV002159,6,65.0,104,31,31.8,True,Haryana,26-35,T30
INV002162,9,58.4,198,3,57.3,True,Madhya Pradesh,46-55,T30
INV002166,6,99.2,248,22,80.3,True,Haryana,36-45,T30
INV002171,7,55.8,150,6,55.4,True,Telangana,56+,T30
INV002177,7,73.0,330,1,115.7,True,Haryana,26-35,T30
INV002178,8,66.4,236,3,78.0,True,Gujarat,36-45,T30
INV002179,8,54.1,171,8,57.3,True,Haryana,26-35,T30
INV002182,7,70.5,148,5,44.3,True,Madhya Pradesh,36-45,B30
INV002185,6,48.4,92,8,36.8,True,Punjab,26-35,T30
INV002186,7,74.8,167,3,51.2,True,Haryana,18-25,B30
INV002187,7,67.8,221,7,75.3,True,Tamil Nadu,36-45,T30
INV002195,9,49.2,154,1,47.4,True,Telangana,26-35,T30
INV002196,8,62.1,115,14,37.9,True,Delhi,26-35,T30
INV002198,9,43.0,93,7,28.9,True,Delhi,36-45,T30
INV002199,7,50.8,94,8,31.1,True,Gujarat,26-35,T30
INV002202,8,70.4,276,3,95.6,True,Madhya Pradesh,18-25,T30
INV002206,7,49.0,141,8,43.9,True,Tamil Nadu,18-25,T30
INV002208,7,71.3,142,24,45.2,True,Punjab,56+,T30
INV002211,7,63.8,109,5,40.6,True,Gujarat,26-35,T30
INV002216,8,61.7,172,15,51.9,True,Maharashtra,46-55,T30
INV002218,6,67.8,181,11,61.6,True,Punjab,36-45,B30
INV002219,8,70.9,166,5,55.8,True,Karnataka,26-35,B30
INV002228,6,68.6,109,34,31.1,True,Uttar Pradesh,18-25,B30
INV002229,6,64.6,101,31,23.6,True,Rajasthan,36-45,T30
INV002230,8,57.6,171,15,53.2,True,Delhi,36-45,T30
INV002232,7,69.2,174,7,63.4,True,Karnataka,26-35,T30
INV002236,7,73.7,119,12,40.8,True,Delhi,26-35,T30
INV002237,7,51.7,142,0,55.2,True,Uttar Pradesh,46-55,B30
INV002240,7,77.8,266,5,91.0,True,Haryana,26-35,B30
INV002241,7,65.7,124,3,42.1,True,Punjab,36-45,B30
INV002251,6,62.6,157,1,55.8,True,Punjab,26-35,T30
INV002256,6,75.6,115,24,34.7,True,Rajasthan,46-55,T30
INV002259,7,45.3,89,5,33.1,True,Madhya Pradesh,18-25,B30
INV002260,6,77.8,235,2,90.5,True,Telangana,26-35,T30
INV002265,7,63.2,244,16,81.5,True,Rajasthan,18-25,T30
INV002277,7,67.3,127,9,44.9,True,Haryana,26-35,T30
INV002280,7,71.7,182,11,55.3,True,Karnataka,18-25,B30
INV002282,6,53.2,102,16,32.5,True,West Bengal,36-45,T30
INV002284,6,85.0,277,11,98.5,True,Karnataka,36-45,T30
INV002290,6,61.6,112,11,41.8,True,Gujarat,36-45,T30
INV002294,8,48.7,163,8,50.8,True,Haryana,26-35,T30
INV002295,7,64.5,159,5,47.1,True,Telangana,26-35,T30
INV002298,6,23.2,37,0,12.6,False,Maharashtra,56+,B30
INV002304,10,42.6,104,11,26.2,True,Karnataka,46-55,B30
INV002315,7,71.8,174,1,69.6,True,Haryana,18-25,B30
INV002319,7,60.0,123,1,41.7,True,Karnataka,26-35,B30
INV002322,6,63.4,102,4,36.3,True,Tamil Nadu,18-25,T30
INV002327,6,76.4,215,5,72.4,True,Punjab,26-35,B30
INV002329,7,57.0,183,1,60.4,True,Madhya Pradesh,56+,T30
INV002342,6,74.2,212,19,69.8,True,Maharashtra,26-35,T30
INV002343,9,57.8,115,5,37.1,True,Punjab,26-35,B30
INV002347,9,40.5,79,7,24.3,True,Delhi,26-35,T30
INV002348,6,94.4,166,45,53.5,True,Uttar Pradesh,26-35,B30
INV002349,6,52.2,75,8,23.1,True,Punjab,26-35,B30
INV002351,6,77.2,204,32,63.9,True,Gujarat,36-45,T30
INV002357,7,68.3,240,11,79.5,True,Delhi,26-35,T30
INV002360,9,56.1,129,6,43.3,True,Maharashtra,26-35,T30
INV002361,6,55.4,198,0,73.2,True,Gujarat,36-45,T30
INV002367,7,52.5,134,11,54.6,True,Telangana,26-35,T30
INV002368,7,61.2,215,11,71.2,True,Telangana,26-35,T30
INV002369,6,60.0,136,1,45.3,True,Madhya Pradesh,36-45,B30
INV002370,7,70.2,237,16,76.2,True,Delhi,26-35,T30
INV002372,6,95.2,133,60,27.8,True,Maharashtra,36-45,T30
INV002373,8,70.1,154,8,53.6,True,Maharashtra,36-45,T30
INV002374,6,21.2,34,5,11.1,False,Uttar Pradesh,26-35,B30
INV002384,10,39.1,92,3,29.8,True,Karnataka,26-35,B30
INV002388,6,33.2,84,12,26.6,False,Haryana,18-25,B30
INV002389,10,50.8,126,7,45.2,True,Haryana,36-45,B30
INV002390,6,47.0,100,28,27.0,True,Uttar Pradesh,56+,B30
INV002391,6,40.2,124,3,44.5,True,Madhya Pradesh,18-25,B30
INV002395,6,97.0,225,0,75.5,True,West Bengal,26-35,T30
INV002400,9,55.4,141,2,41.5,True,Punjab,36-45,T30
INV002401,8,59.1,125,7,37.7,True,West Bengal,26-35,T30
INV002402,7,47.2,89,5,29.6,True,Uttar Pradesh,46-55,T30
INV002407,7,47.8,167,1,54.8,True,West Bengal,36-45,T30
INV002409,8,55.6,125,5,41.2,True,Punjab,18-25,B30
INV002413,8,53.0,189,4,59.5,True,Gujarat,26-35,T30
INV002415,8,57.4,110,7,39.9,True,West Bengal,36-45,T30
INV002417,7,83.3,190,2,76.8,True,Tamil Nadu,26-35,B30
INV002418,6,91.6,128,7,44.1,True,Haryana,36-45,B30
INV002420,6,72.8,107,32,29.7,True,Karnataka,26-35,B30
INV002422,10,50.3,139,6,43.4,True,Tamil Nadu,36-45,T30
INV002429,6,78.6,216,2,80.5,True,Rajasthan,26-35,B30
INV002434,6,88.2,217,18,73.7,True,Uttar Pradesh,26-35,B30
INV002437,7,49.2,212,1,73.9,True,Haryana,26-35,B30
INV002445,8,38.1,117,12,35.0,True,Punjab,26-35,T30
INV002453,7,63.0,87,44,13.6,True,Gujarat,26-35,T30
INV002458,6,72.4,232,2,84.1,True,West Bengal,18-25,T30
INV002459,8,53.7,161,4,49.4,True,Rajasthan,18-25,B30
INV002463,6,95.4,236,9,90.4,True,Punjab,18-25,B30
INV002464,6,35.4,97,8,32.2,True,Karnataka,26-35,T30
INV002466,7,80.7,270,7,88.3,True,Madhya Pradesh,36-45,T30
INV002467,8,38.9,116,7,35.7,True,Punjab,36-45,T30
INV002471,6,56.4,98,0,37.5,True,Punjab,18-25,T30
INV002475,10,49.7,119,7,34.9,True,Delhi,26-35,T30
INV002476,6,86.0,235,15,78.5,True,Telangana,36-45,T30
INV002485,6,70.4,136,17,42.3,True,Karnataka,46-55,B30
INV002490,8,70.0,125,24,36.4,True,Gujarat,36-45,T30
INV002495,6,82.2,174,7,68.5,True,Maharashtra,26-35,B30
INV002496,6,53.0,156,4,53.0,True,Karnataka,36-45,B30
INV002497,8,67.3,152,5,44.6,True,Telangana,26-35,T30
INV002508,9,51.6,171,1,56.5,True,West Bengal,46-55,T30
INV002509,10,33.7,74,5,22.5,False,Maharashtra,36-45,T30
INV002510,7,64.3,176,5,64.3,True,Karnataka,36-45,B30
INV002521,6,74.6,206,5,75.5,True,Punjab,26-35,T30
INV002527,7,49.7,93,2,30.8,True,Telangana,18-25,T30
INV002530,8,71.4,175,21,57.3,True,Telangana,36-45,T30
INV002531,7,76.3,182,13,56.5,True,Rajasthan,36-45,B30
INV002543,7,74.7,116,25,30.7,True,Madhya Pradesh,18-25,T30
INV002547,6,89.0,181,26,54.5,True,Haryana,26-35,T30
INV002552,10,48.2,184,2,51.7,True,Delhi,36-45,T30
INV002554,7,49.7,100,9,36.4,True,Madhya Pradesh,18-25,B30
INV002555,7,72.0,172,14,55.2,True,Gujarat,36-45,T30
INV002557,7,67.2,264,3,91.7,True,West Bengal,26-35,T30
INV002558,6,97.6,297,19,102.5,True,Haryana,26-35,B30
INV002560,6,95.2,155,8,52.3,True,Haryana,26-35,B30
INV002563,6,65.8,114,30,33.3,True,Madhya Pradesh,18-25,T30
INV002567,6,82.0,127,33,36.9,True,Madhya Pradesh,36-45,T30
INV002568,8,61.6,144,4,43.9,True,Uttar Pradesh,26-35,T30
INV002570,7,62.0,150,16,45.5,True,Punjab,36-45,T30
INV002572,8,55.7,108,1,36.2,True,Rajasthan,56+,T30
INV002574,6,79.4,139,16,53.7,True,Maharashtra,26-35,B30
INV002575,9,56.1,128,8,43.3,True,West Bengal,18-25,T30
INV002579,6,40.8,71,5,24.9,True,Maharashtra,36-45,T30
INV002582,6,77.4,173,37,49.4,True,Telangana,26-35,T30
INV002585,6,65.0,124,31,32.0,True,Uttar Pradesh,18-25,T30
INV002586,6,87.2,168,18,59.5,True,West Bengal,26-35,T30
INV002590,10,50.2,125,14,34.6,True,West Bengal,36-45,T30
INV002591,6,52.2,139,23,43.7,True,Gujarat,18-25,T30
INV002594,6,94.0,244,3,94.5,True,Haryana,26-35,T30
INV002598,9,51.4,179,3,52.9,True,Uttar Pradesh,26-35,T30
INV002602,8,66.0,151,23,43.1,True,Gujarat,56+,T30
INV002606,6,89.6,248,8,87.7,True,Telangana,26-35,T30
INV002613,8,65.0,143,22,43.2,True,Karnataka,46-55,T30
INV002622,7,76.7,244,8,76.7,True,Karnataka,18-25,B30
INV002627,6,85.0,182,11,74.0,True,West Bengal,26-35,T30
INV002628,6,77.0,322,3,122.8,True,Uttar Pradesh,26-35,B30
INV002632,8,65.6,180,10,63.5,True,Tamil Nadu,26-35,T30
INV002640,7,70.0,153,2,48.3,True,Haryana,56+,B30
INV002643,6,74.2,229,18,78.5,True,Telangana,36-45,T30
INV002645,7,45.2,133,7,42.8,True,Haryana,46-55,T30
INV002654,8,61.9,115,1,41.6,True,Delhi,36-45,T30
INV002659,7,62.3,224,3,75.6,True,Madhya Pradesh,36-45,B30
INV002666,7,53.2,100,8,35.9,True,Madhya Pradesh,46-55,B30
INV002671,7,77.2,163,11,53.9,True,Madhya Pradesh,18-25,T30
INV002673,8,65.0,147,3,45.8,True,Maharashtra,26-35,T30
INV002674,6,75.8,153,7,49.2,True,Karnataka,26-35,B30
INV002675,8,63.9,138,21,38.9,True,Uttar Pradesh,36-45,B30
INV002681,7,83.7,161,8,60.1,True,Maharashtra,18-25,B30
INV002684,6,80.6,266,2,101.7,True,Delhi,36-45,T30
INV002688,9,37.0,122,2,35.7,True,Uttar Pradesh,26-35,T30
INV002689,8,50.0,115,2,37.5,True,Madhya Pradesh,26-35,B30
INV002693,7,45.8,72,22,15.3,True,Uttar Pradesh,26-35,B30
INV002697,7,55.3,199,6,66.9,True,West Bengal,26-35,T30
INV002700,7,79.8,140,30,37.0,True,Tamil Nadu,26-35,B30
INV002704,8,59.1,139,9,46.3,True,Delhi,36-45,T30
INV002705,8,22.6,70,12,19.5,False,Uttar Pradesh,46-55,T30
INV002706,6,73.6,133,23,42.3,True,Haryana,46-55,B30
INV002711,8,65.6,230,11,69.9,True,Haryana,26-35,T30
INV002712,11,46.8,174,0,48.9,True,Karnataka,46-55,T30
INV002722,6,61.4,178,5,68.4,True,Delhi,36-45,T30
INV002723,9,37.8,102,2,32.4,True,West Bengal,36-45,T30
INV002724,6,76.6,187,19,65.5,True,Rajasthan,36-45,B30
INV002726,8,45.6,84,1,28.7,True,Gujarat,36-45,T30
INV002732,8,70.7,151,7,48.0,True,Uttar Pradesh,18-25,T30
INV002733,8,51.6,150,1,62.8,True,Punjab,26-35,T30
INV002735,7,68.2,136,24,36.4,True,Tamil Nadu,18-25,B30
INV002736,6,70.6,323,0,126.3,True,Karnataka,18-25,B30
INV002737,8,58.4,104,3,33.0,True,Gujarat,18-25,T30
INV002743,6,88.2,190,20,64.6,True,Haryana,56+,T30
INV002744,10,52.9,139,0,40.0,True,Karnataka,36-45,T30
INV002746,8,68.0,206,4,68.5,True,Delhi,26-35,T30
INV002750,6,72.4,254,9,94.0,True,Madhya Pradesh,36-45,B30
INV002751,7,41.5,102,3,32.9,True,Delhi,36-45,T30
INV002758,6,81.0,263,8,93.3,True,Delhi,26-35,T30
INV002761,6,80.6,312,5,117.1,True,Rajasthan,26-35,T30
INV002766,6,70.6,151,13,63.8,True,Punjab,26-35,T30
INV002767,7,55.3,145,8,48.4,True,Madhya Pradesh,26-35,T30
INV002769,7,82.0,141,16,36.8,True,Maharashtra,18-25,T30
INV002772,7,74.5,168,7,56.8,True,Haryana,26-35,B30
INV002779,6,64.2,151,14,49.9,True,Uttar Pradesh,26-35,T30
INV002783,7,64.0,126,2,37.5,True,West Bengal,26-35,T30
INV002786,7,76.3,124,7,43.6,True,Tamil Nadu,26-35,B30
INV002793,7,59.3,125,6,44.1,True,Madhya Pradesh,36-45,B30
INV002794,7,56.2,111,17,33.9,True,Madhya Pradesh,56+,B30
INV002799,6,70.8,129,20,42.7,True,Uttar Pradesh,36-45,T30
INV002800,7,63.5,108,7,30.6,True,West Bengal,36-45,T30
INV002803,7,64.8,176,2,55.0,True,Uttar Pradesh,36-45,B30
INV002804,8,59.9,209,11,65.7,True,Madhya Pradesh,36-45,T30
INV002808,7,59.7,120,5,43.5,True,Uttar Pradesh,26-35,B30
INV002809,6,81.4,276,5,102.1,True,Uttar Pradesh,36-45,B30
INV002810,8,32.3,139,9,43.8,False,Punjab,36-45,B30
INV002813,7,49.0,149,19,45.9,True,Punjab,26-35,T30
INV002822,7,53.0,108,12,33.6,True,Karnataka,46-55,T30
INV002824,7,71.8,223,18,70.7,True,Rajasthan,56+,T30
INV002826,6,61.6,91,14,28.5,True,Haryana,26-35,T30
INV002827,6,73.6,200,11,65.5,True,Karnataka,36-45,B30
INV002828,6,80.0,211,5,69.4,True,West Bengal,26-35,T30
INV002831,6,40.2,72,3,23.8,True,Telangana,56+,T30
INV002835,7,82.3,233,5,80.4,True,Haryana,26-35,B30
INV002838,8,56.7,116,10,40.4,True,West Bengal,56+,T30
INV002841,6,43.4,102,2,38.6,True,Uttar Pradesh,26-35,B30
INV002843,8,43.1,128,9,38.8,True,Haryana,26-35,B30
INV002847,10,52.7,129,5,42.3,True,Haryana,26-35,B30
INV002850,7,53.2,166,7,53.7,True,Uttar Pradesh,46-55,T30
INV002852,6,75.8,207,11,72.8,True,West Bengal,46-55,T30
INV002859,7,76.5,198,10,65.2,True,Madhya Pradesh,26-35,T30
INV002863,6,74.4,199,27,63.7,True,Rajasthan,36-45,B30
INV002865,6,37.2,50,19,10.4,True,Maharashtra,18-25,T30
INV002870,6,48.2,109,1,40.2,True,Karnataka,26-35,B30
INV002872,6,85.6,199,4,67.8,True,West Bengal,36-45,T30
INV002873,6,98.2,235,20,77.1,True,Haryana,18-25,T30
INV002879,7,72.2,125,11,43.5,True,Tamil Nadu,46-55,B30
INV002881,6,43.6,110,12,35.9,True,Uttar Pradesh,26-35,B30
INV002883,6,96.0,176,35,56.2,True,West Bengal,26-35,T30
INV002886,7,44.3,137,0,45.5,True,Tamil Nadu,18-25,T30
INV002891,8,72.7,166,4,51.5,True,Haryana,36-45,B30
INV002893,9,50.0,148,1,54.2,True,Telangana,56+,T30
INV002900,6,64.2,136,12,47.0,True,Haryana,26-35,B30
INV002903,6,89.6,176,50,44.6,True,Madhya Pradesh,36-45,T30
INV002904,7,49.3,104,11,38.3,True,West Bengal,36-45,T30
INV002905,6,73.0,221,15,75.4,True,Tamil Nadu,36-45,T30
INV002906,6,41.2,74,14,20.3,True,Telangana,26-35,T30
INV002909,7,82.3,263,6,85.1,True,Rajasthan,36-45,B30
INV002912,6,97.0,342,16,123.1,True,Maharashtra,26-35,T30
INV002913,7,73.7,168,5,55.2,True,Delhi,56+,T30
INV002915,8,49.3,117,5,46.1,True,West Bengal,18-25,T30
INV002921,7,53.3,121,9,42.8,True,Punjab,18-25,B30
INV002927,8,40.3,79,11,25.9,True,Punjab,56+,B30
INV002935,7,48.0,72,11,21.7,True,Madhya Pradesh,18-25,T30
INV002937,7,67.2,184,1,63.5,True,Rajasthan,56+,T30
INV002939,7,60.5,127,3,43.6,True,Rajasthan,18-25,B30
INV002942,9,55.5,180,3,55.2,True,Delhi,36-45,T30
INV002945,8,65.0,139,27,34.5,True,Maharashtra,26-35,B30
INV002947,7,64.2,152,3,54.8,True,Maharashtra,46-55,B30
INV002950,8,45.9,119,1,33.8,True,Madhya Pradesh,46-55,T30
INV002951,7,51.8,82,4,26.1,True,Karnataka,36-45,T30
INV002961,7,84.7,231,0,82.5,True,Gujarat,26-35,T30
INV002974,7,51.3,105,9,29.2,True,Telangana,26-35,T30
INV002984,6,91.0,200,25,61.8,True,Delhi,26-35,T30
INV002989,6,86.6,182,11,65.4,True,Haryana,46-55,B30
INV002994,7,58.2,142,0,49.4,True,Karnataka,18-25,B30
INV003000,7,67.0,137,17,46.7,True,Delhi,36-45,T30
INV003003,9,58.2,100,9,27.2,True,West Bengal,18-25,T30
INV003005,8,53.1,107,1,39.8,True,Punjab,26-35,B30
INV003007,9,48.2,162,1,48.7,True,Haryana,26-35,B30
INV003009,9,38.1,84,1,27.9,True,Karnataka,26-35,T30
INV003011,7,64.2,154,11,49.1,True,Gujarat,18-25,T30
INV003014,6,82.4,144,2,56.9,True,Karnataka,26-35,T30
INV003015,7,54.7,91,5,31.5,True,Madhya Pradesh,18-25,T30
INV003018,6,49.2,156,2,55.1,True,Delhi,36-45,T30
INV003022,6,69.6,123,27,38.0,True,Telangana,46-55,T30
INV003024,6,44.2,122,13,39.8,True,Maharashtra,36-45,T30
INV003025,8,35.3,65,11,18.7,True,Gujarat,26-35,T30
INV003028,6,91.4,183,3,64.9,True,Tamil Nadu,26-35,T30
INV003034,6,73.4,118,13,36.8,True,Tamil Nadu,26-35,T30
INV003036,8,57.7,138,4,52.7,True,Telangana,26-35,T30
INV003037,7,79.5,300,10,99.9,True,Telangana,18-25,T30
INV003040,6,74.0,194,6,65.2,True,Karnataka,26-35,T30
INV003043,7,73.8,131,13,41.7,True,Karnataka,26-35,T30
INV003044,7,71.2,237,2,79.8,True,West Bengal,18-25,T30
INV003045,6,36.2,71,4,23.2,True,Telangana,26-35,T30
INV003047,8,70.1,215,24,61.7,True,Maharashtra,46-55,T30
INV003054,7,78.7,209,6,89.8,True,Telangana,56+,T30
INV003060,7,79.0,135,31,38.3,True,Rajasthan,56+,T30
INV003063,7,57.8,112,27,32.6,True,Maharashtra,36-45,T30
INV003070,9,54.5,132,1,42.9,True,West Bengal,26-35,T30
INV003074,6,74.8,123,17,40.2,True,Haryana,26-35,B30
INV003075,8,57.4,128,13,35.3,True,Delhi,46-55,T30
INV003078,7,69.2,126,0,43.4,True,Haryana,36-45,T30
INV003082,8,46.4,142,8,44.2,True,Telangana,26-35,T30
INV003083,6,66.4,169,22,53.4,True,Madhya Pradesh,56+,B30
INV003089,6,65.0,107,14,34.1,True,Uttar Pradesh,26-35,B30
INV003091,9,50.9,199,1,61.1,True,Delhi,36-45,T30
INV003095,6,86.6,175,9,58.4,True,Madhya Pradesh,18-25,B30
INV003097,8,62.7,121,26,30.7,True,Punjab,26-35,T30
INV003105,7,65.5,140,3,53.5,True,Rajasthan,18-25,T30
INV003112,6,91.6,173,23,50.2,True,Maharashtra,26-35,T30
INV003113,8,66.9,159,3,50.5,True,Rajasthan,26-35,T30
INV003115,6,48.0,125,10,42.3,True,Gujarat,26-35,T30
INV003117,8,66.6,115,22,28.3,True,Tamil Nadu,18-25,T30
INV003134,7,76.8,172,25,52.2,True,Telangana,36-45,T30
INV003139,7,55.2,133,1,46.0,True,Karnataka,36-45,B30
INV003140,8,57.0,125,5,53.6,True,West Bengal,26-35,T30
INV003141,7,67.5,225,3,73.2,True,Maharashtra,36-45,T30
INV003144,7,82.5,243,15,80.8,True,Haryana,36-45,T30
INV003146,9,59.5,283,2,86.1,True,Rajasthan,26-35,B30
INV003151,6,81.0,146,32,48.3,True,Tamil Nadu,56+,B30
INV003153,7,40.7,156,7,52.5,True,Madhya Pradesh,36-45,T30
INV003158,9,55.6,138,0,50.0,True,Karnataka,26-35,B30
INV003161,6,77.4,118,3,40.6,True,Uttar Pradesh,36-45,B30
INV003169,6,62.6,178,5,70.8,True,Telangana,26-35,T30
INV003178,6,56.4,84,24,22.9,True,Telangana,46-55,T30
INV003179,9,56.2,151,3,50.9,True,Rajasthan,36-45,T30
INV003185,6,65.2,116,29,38.9,True,Rajasthan,26-35,B30
INV003187,9,58.2,244,1,82.1,True,Haryana,26-35,B30
INV003189,9,55.1,198,12,57.4,True,Tamil Nadu,36-45,T30
INV003191,6,76.8,138,10,43.3,True,Madhya Pradesh,18-25,B30
INV003193,6,96.6,294,12,109.1,True,Rajasthan,36-45,T30
INV003196,7,80.3,319,14,107.2,True,West Bengal,26-35,T30
INV003205,7,67.7,111,45,22.5,True,Punjab,26-35,T30
INV003210,6,72.2,112,26,33.3,True,Haryana,36-45,B30
INV003211,7,69.0,104,20,34.9,True,Uttar Pradesh,36-45,T30
INV003214,6,59.8,170,6,56.8,True,Punjab,36-45,T30
INV003215,7,60.8,105,16,26.9,True,Gujarat,26-35,T30
INV003219,6,57.2,86,3,28.8,True,Maharashtra,46-55,T30
INV003221,7,61.2,99,8,35.7,True,Karnataka,26-35,B30
INV003222,7,81.5,190,5,62.5,True,Punjab,56+,B30
INV003223,8,67.7,331,1,109.1,True,Tamil Nadu,26-35,B30
INV003228,7,70.2,256,1,86.2,True,Madhya Pradesh,26-35,B30
INV003230,7,67.5,251,1,87.2,True,Punjab,18-25,B30
INV003231,7,83.0,253,26,79.3,True,Haryana,26-35,T30
INV003234,6,96.6,188,17,60.8,True,Telangana,26-35,T30
INV003236,9,51.1,115,15,35.9,True,Madhya Pradesh,18-25,B30
INV003242,7,61.0,159,0,58.1,True,Punjab,26-35,T30
INV003247,6,84.6,206,3,73.7,True,Madhya Pradesh,46-55,T30
INV003252,6,67.6,192,12,64.7,True,Tamil Nadu,46-55,T30
INV003256,7,51.0,90,5,30.8,True,Punjab,46-55,B30
INV003257,6,61.8,139,10,44.2,True,Rajasthan,56+,T30
INV003260,6,89.4,247,16,84.0,True,Madhya Pradesh,18-25,T30
INV003262,6,85.2,162,23,52.1,True,Telangana,46-55,T30
INV003267,6,74.4,197,11,71.2,True,Rajasthan,36-45,B30
INV003271,7,61.2,157,0,52.0,True,West Bengal,18-25,T30
INV003273,8,60.1,134,6,42.7,True,Haryana,36-45,B30
INV003277,8,53.7,192,3,63.2,True,Rajasthan,18-25,T30
INV003279,9,63.4,147,16,40.6,True,Rajasthan,46-55,T30
INV003289,7,64.8,183,5,61.8,True,Uttar Pradesh,26-35,T30
INV003300,6,64.8,219,4,79.1,True,Uttar Pradesh,36-45,B30
INV003301,9,59.4,113,16,31.2,True,Rajasthan,26-35,B30
INV003304,10,44.2,180,2,51.7,True,Telangana,18-25,T30
INV003308,9,56.8,141,2,43.5,True,Telangana,56+,T30
INV003310,6,80.8,154,22,48.5,True,Telangana,26-35,T30
INV003311,9,48.0,149,5,54.0,True,Madhya Pradesh,26-35,B30
INV003314,7,73.5,210,19,65.0,True,Telangana,36-45,T30
INV003317,8,44.1,71,21,18.0,True,Delhi,18-25,T30
INV003320,8,45.3,192,1,63.9,True,Tamil Nadu,56+,B30
INV003325,6,101.0,155,57,32.1,True,Haryana,26-35,B30
INV003329,6,89.0,230,9,96.4,True,Madhya Pradesh,56+,T30
INV003336,7,72.3,133,2,50.3,True,Punjab,46-55,B30
INV003338,9,37.5,155,1,47.2,True,Haryana,46-55,B30
INV003344,6,86.6,190,46,52.3,True,Haryana,36-45,T30
INV003350,6,92.4,191,4,67.8,True,Maharashtra,46-55,B30
INV003351,6,54.0,86,24,20.8,True,Delhi,26-35,T30
INV003352,8,68.1,279,3,88.0,True,Maharashtra,36-45,T30
INV003357,6,62.4,100,1,33.1,True,Madhya Pradesh,26-35,B30
INV003360,8,59.4,163,10,45.0,True,Madhya Pradesh,26-35,T30
INV003370,7,63.3,206,4,65.6,True,Karnataka,56+,B30
INV003372,6,59.4,118,12,36.3,True,Karnataka,36-45,B30
INV003374,7,56.5,128,7,48.1,True,Karnataka,26-35,B30
INV003375,8,52.7,158,6,52.5,True,Telangana,56+,T30
INV003376,6,85.8,199,1,64.4,True,Delhi,36-45,T30
INV003379,7,75.2,268,19,89.6,True,Uttar Pradesh,36-45,T30
INV003380,6,72.4,155,13,48.1,True,Delhi,36-45,T30
INV003382,6,34.2,85,6,27.5,False,Karnataka,26-35,T30
INV003391,6,56.6,193,16,68.4,True,West Bengal,26-35,T30
INV003393,8,63.7,178,19,50.2,True,Delhi,26-35,T30
INV003395,6,79.0,192,36,57.9,True,Gujarat,36-45,T30
INV003398,8,55.4,140,1,41.3,True,Karnataka,36-45,T30
INV003403,6,56.6,116,5,46.4,True,Madhya Pradesh,18-25,B30
INV003404,8,50.3,198,1,64.2,True,Tamil Nadu,36-45,T30
INV003405,8,41.0,186,2,59.9,True,Rajasthan,26-35,T30
INV003406,8,59.0,251,1,81.4,True,Madhya Pradesh,26-35,B30
INV003407,8,57.4,146,12,43.7,True,West Bengal,26-35,T30
INV003422,7,84.7,167,16,51.3,True,Uttar Pradesh,26-35,T30
INV003424,7,73.2,124,4,42.0,True,Madhya Pradesh,26-35,T30
INV003427,6,84.2,266,1,101.4,True,West Bengal,18-25,T30
INV003430,6,73.4,104,51,22.2,True,Gujarat,26-35,T30
INV003431,6,51.4,152,8,52.1,True,Karnataka,18-25,B30
INV003432,7,61.3,97,10,30.2,True,Uttar Pradesh,56+,B30
INV003435,7,73.8,140,16,45.7,True,Maharashtra,26-35,B30
INV003437,6,91.2,226,20,76.6,True,Punjab,46-55,B30
INV003448,7,74.5,200,19,64.8,True,Rajasthan,26-35,B30
INV003450,10,47.7,158,10,45.4,True,Maharashtra,18-25,B30
INV003455,7,35.5,76,7,23.6,True,Tamil Nadu,46-55,B30
INV003457,7,60.5,117,15,36.5,True,Karnataka,36-45,T30
INV003458,8,67.9,206,21,63.7,True,Gujarat,36-45,T30
INV003459,6,59.4,113,5,39.3,True,Karnataka,26-35,B30
INV003473,6,95.8,213,23,66.8,True,Telangana,26-35,T30
INV003475,9,56.0,155,2,56.0,True,Telangana,26-35,T30
INV003478,9,56.6,195,5,58.3,True,Punjab,26-35,T30
INV003479,8,65.7,164,18,57.0,True,West Bengal,36-45,T30
INV003480,6,82.4,211,1,80.1,True,Madhya Pradesh,26-35,B30
INV003484,6,73.8,333,3,129.7,True,Madhya Pradesh,26-35,B30
INV003487,6,70.6,155,20,50.2,True,Gujarat,26-35,T30
INV003491,9,59.1,119,6,46.7,True,Delhi,46-55,T30
INV003492,6,90.8,162,36,48.2,True,Gujarat,36-45,T30
INV003495,10,49.2,121,4,35.0,True,West Bengal,26-35,T30
INV003506,7,67.0,132,29,38.9,True,Tamil Nadu,56+,T30
INV003509,9,60.9,149,3,47.6,True,Haryana,36-45,T30
INV003511,8,65.6,183,1,57.3,True,Haryana,46-55,T30
INV003514,6,74.2,172,20,55.5,True,Delhi,36-45,T30
INV003518,6,67.8,157,7,50.7,True,Madhya Pradesh,26-35,B30
INV003521,6,89.0,183,47,54.0,True,Rajasthan,46-55,T30
INV003524,7,64.2,203,7,68.3,True,Telangana,36-45,T30
INV003526,6,88.2,224,35,73.2,True,Maharashtra,36-45,B30
INV003528,9,58.6,186,7,54.6,True,Madhya Pradesh,18-25,B30
INV003530,6,51.0,101,3,41.7,True,Maharashtra,26-35,T30
INV003531,6,76.4,185,26,56.0,True,Delhi,36-45,T30
INV003534,8,52.7,160,3,59.1,True,Madhya Pradesh,46-55,T30
INV003545,6,90.0,210,3,83.7,True,Gujarat,26-35,T30
INV003556,6,77.6,129,31,39.9,True,Karnataka,18-25,B30
INV003557,6,66.4,156,15,51.4,True,Karnataka,46-55,T30
INV003558,7,39.2,66,9,19.0,True,Uttar Pradesh,18-25,T30
INV003559,10,48.3,118,15,36.2,True,Uttar Pradesh,26-35,B30
INV003562,7,80.5,165,17,47.7,True,West Bengal,26-35,T30
INV003564,8,71.0,292,1,93.0,True,Telangana,18-25,T30
INV003580,7,72.2,227,9,72.3,True,Gujarat,26-35,T30
INV003581,8,51.3,95,4,26.5,True,Tamil Nadu,56+,B30
INV003582,7,49.3,167,2,58.2,True,Uttar Pradesh,36-45,B30
INV003586,8,54.3,113,6,35.1,True,Haryana,46-55,B30
INV003592,6,75.6,202,1,74.5,True,Madhya Pradesh,56+,T30
INV003593,6,78.2,166,11,55.6,True,Karnataka,26-35,T30
INV003598,8,68.0,114,2,33.5,True,Delhi,26-35,T30
INV003599,6,50.0,100,4,38.2,True,Madhya Pradesh,46-55,T30
INV003601,9,45.2,118,17,32.2,True,Haryana,26-35,B30
INV003604,6,90.2,188,6,72.4,True,Punjab,18-25,T30
INV003607,6,70.4,253,9,92.3,True,Delhi,18-25,T30
INV003611,7,68.8,228,0,80.9,True,Uttar Pradesh,18-25,B30
INV003613,8,67.4,283,12,92.4,True,Punjab,26-35,B30
INV003619,6,72.0,113,26,36.5,True,West Bengal,18-25,T30
INV003625,6,62.4,168,3,56.5,True,Telangana,26-35,T30
INV003627,7,59.2,152,1,52.8,True,Telangana,36-45,T30
INV003630,7,52.0,96,13,31.1,True,Karnataka,18-25,T30
INV003633,6,78.8,119,26,31.0,True,Madhya Pradesh,26-35,B30
INV003634,6,47.8,83,1,34.0,True,Punjab,46-55,T30
INV003635,10,47.1,95,10,32.9,True,West Bengal,56+,T30
INV003641,8,67.0,219,10,69.1,True,Telangana,26-35,T30
INV003642,7,53.2,217,6,73.8,True,Haryana,18-25,B30
INV003645,6,95.2,257,28,82.6,True,Punjab,26-35,B30
INV003649,6,96.8,195,5,66.1,True,Haryana,46-55,T30
INV003650,11,33.9,86,10,25.6,False,Telangana,46-55,T30
INV003654,7,60.5,124,24,34.1,True,Delhi,18-25,T30
INV003655,10,49.8,198,8,64.6,True,Madhya Pradesh,36-45,B30
INV003658,8,70.7,143,7,50.8,True,West Bengal,26-35,T30
INV003660,6,79.0,164,5,52.6,True,Delhi,26-35,T30
INV003669,7,53.5,98,21,23.9,True,West Bengal,18-25,T30
INV003670,8,70.9,160,2,55.0,True,Punjab,36-45,T30
INV003672,6,77.2,180,13,55.4,True,Uttar Pradesh,36-45,B30
INV003673,8,68.9,160,4,47.2,True,Maharashtra,26-35,T30
INV003678,6,32.8,45,12,11.7,False,Gujarat,26-35,T30
INV003681,9,51.0,101,26,24.7,True,Telangana,26-35,T30
INV003683,6,92.4,165,32,42.5,True,Telangana,26-35,T30
INV003684,6,98.2,229,10,84.2,True,Karnataka,36-45,T30
INV003685,6,80.2,132,15,52.0,True,Gujarat,26-35,T30
INV003686,6,96.6,328,3,119.4,True,Gujarat,18-25,T30
INV003693,7,71.3,234,8,75.1,True,Madhya Pradesh,36-45,B30
INV003695,7,51.7,157,2,56.2,True,Karnataka,36-45,T30
INV003696,6,75.8,190,5,79.5,True,Tamil Nadu,18-25,B30
INV003697,7,76.7,163,1,71.3,True,Maharashtra,18-25,T30
INV003702,7,72.7,118,15,40.7,True,Madhya Pradesh,36-45,B30
INV003705,6,78.8,152,13,56.6,True,Telangana,26-35,T30
INV003707,6,68.6,152,33,42.7,True,Telangana,36-45,T30
INV003708,7,60.5,104,37,27.6,True,Punjab,46-55,B30
INV003709,6,80.2,181,25,53.3,True,Uttar Pradesh,46-55,B30
INV003710,6,78.6,118,22,36.8,True,Rajasthan,26-35,B30
INV003711,6,72.2,145,4,49.6,True,Telangana,36-45,T30
INV003712,6,79.6,163,24,53.8,True,Maharashtra,46-55,T30
INV003713,7,81.5,161,29,44.7,True,West Bengal,36-45,T30
INV003718,6,91.4,284,3,98.7,True,Telangana,46-55,T30
INV003720,6,74.6,116,14,38.4,True,Madhya Pradesh,36-45,B30
INV003722,7,50.7,135,12,46.2,True,Maharashtra,36-45,B30
INV003723,6,61.8,124,35,32.4,True,Tamil Nadu,26-35,T30
INV003724,7,68.0,169,6,59.8,True,Punjab,56+,B30
INV003733,6,88.8,174,22,58.5,True,Telangana,26-35,T30
INV003734,8,59.0,290,1,94.9,True,Tamil Nadu,56+,B30
INV003735,8,45.9,104,6,33.7,True,Gujarat,36-45,T30
INV003736,7,77.2,120,49,22.5,True,Karnataka,18-25,B30
INV003738,6,50.6,117,1,40.0,True,Delhi,26-35,T30
INV003740,7,51.8,172,4,57.8,True,Karnataka,56+,T30
INV003741,7,67.7,159,13,45.1,True,Madhya Pradesh,36-45,B30
INV003744,6,86.8,187,32,53.8,True,Karnataka,18-25,B30
INV003745,6,70.2,183,20,58.7,True,West Bengal,36-45,T30
INV003748,8,56.1,182,13,54.1,True,Madhya Pradesh,46-55,T30
INV003757,7,81.8,156,39,36.9,True,Uttar Pradesh,18-25,B30
INV003761,8,51.9,150,4,48.3,True,Karnataka,46-55,B30
INV003766,8,65.3,192,12,57.5,True,West Bengal,36-45,T30
INV003767,9,47.5,125,8,35.0,True,Madhya Pradesh,36-45,B30
INV003771,10,50.8,130,3,38.8,True,Telangana,46-55,T30
INV003772,9,34.5,72,7,23.4,False,Punjab,18-25,B30
INV003775,6,74.0,151,2,61.0,True,Maharashtra,56+,T30
INV003779,6,76.4,160,8,58.1,True,Delhi,26-35,T30
INV003780,8,57.4,135,4,45.9,True,Haryana,26-35,B30
INV003781,7,64.8,199,1,64.1,True,Tamil Nadu,26-35,B30
INV003785,6,74.2,160,18,48.3,True,Karnataka,36-45,T30
INV003787,9,63.2,178,1,65.0,True,Karnataka,46-55,B30
INV003793,7,72.3,203,6,78.5,True,Delhi,46-55,T30
INV003795,7,67.7,122,8,37.9,True,West Bengal,18-25,T30
INV003811,7,78.7,141,26,38.0,True,Gujarat,46-55,T30
INV003812,7,50.8,174,1,61.5,True,Haryana,18-25,B30
INV003813,6,82.2,122,35,27.8,True,Rajasthan,36-45,B30
INV003815,7,72.5,217,1,73.5,True,Gujarat,36-45,T30
INV003824,7,71.5,196,3,66.2,True,Telangana,26-35,T30
INV003825,6,81.2,99,57,17.2,True,Telangana,56+,T30
INV003828,7,30.7,109,3,36.1,False,Karnataka,18-25,T30
INV003829,10,48.6,159,9,43.8,True,Punjab,36-45,B30
INV003830,6,71.4,115,5,40.3,True,Punjab,26-35,B30
INV003844,7,68.5,197,10,66.0,True,Maharashtra,26-35,B30
INV003847,8,50.0,66,27,17.6,True,Telangana,26-35,T30
INV003849,6,77.2,146,47,37.6,True,Karnataka,26-35,B30
INV003851,7,57.8,121,9,42.7,True,Karnataka,46-55,T30
INV003860,6,46.0,72,3,26.1,True,Punjab,26-35,T30
INV003862,7,60.2,184,6,59.7,True,Madhya Pradesh,26-35,T30
INV003865,7,85.2,235,2,94.0,True,Gujarat,18-25,T30
INV003868,6,87.6,264,24,89.5,True,Gujarat,36-45,T30
INV003872,9,45.4,85,14,24.7,True,Uttar Pradesh,26-35,B30
INV003876,6,77.6,160,31,48.0,True,Rajasthan,18-25,B30
INV003880,8,68.6,193,2,62.2,True,Gujarat,26-35,T30
INV003885,6,71.6,281,6,105.4,True,West Bengal,36-45,T30
INV003892,10,55.2,114,15,30.9,True,Punjab,46-55,B30
INV003896,6,82.0,255,24,87.3,True,Haryana,56+,B30
INV003897,6,71.6,144,1,50.3,True,Tamil Nadu,26-35,B30
INV003903,8,50.3,130,6,48.8,True,Karnataka,18-25,B30
INV003905,7,62.5,103,34,22.5,True,Maharashtra,26-35,T30
INV003906,10,55.1,115,2,41.9,True,Haryana,36-45,B30
INV003912,6,68.6,195,7,72.5,True,West Bengal,26-35,T30
INV003913,8,61.4,136,2,41.6,True,Telangana,36-45,T30
INV003916,6,67.2,114,19,40.0,True,Karnataka,26-35,B30
INV003920,8,66.9,132,13,43.8,True,Punjab,26-35,T30
INV003936,6,89.6,227,3,78.1,True,Punjab,36-45,T30
INV003938,7,52.5,110,4,37.8,True,Delhi,36-45,T30
INV003940,7,70.7,151,2,43.9,True,West Bengal,36-45,T30
INV003943,9,42.5,88,3,28.4,True,Telangana,46-55,T30
INV003945,7,56.3,175,11,58.6,True,Gujarat,46-55,T30
INV003946,7,69.2,147,2,57.7,True,Karnataka,26-35,B30
INV003948,7,43.7,101,6,34.3,True,Madhya Pradesh,18-25,T30
INV003952,7,54.7,95,14,28.1,True,Tamil Nadu,36-45,T30
INV003958,6,85.6,133,5,45.9,True,Haryana,18-25,B30
INV003962,8,68.7,302,7,97.4,True,Haryana,26-35,T30
INV003964,10,51.2,130,2,42.1,True,Punjab,26-35,T30
INV003968,6,92.4,209,37,63.4,True,Maharashtra,46-55,T30
INV003972,6,84.2,224,22,73.1,True,Uttar Pradesh,26-35,B30
INV003975,8,50.1,125,16,35.8,True,Gujarat,36-45,T30
INV003978,8,68.1,209,7,65.2,True,Telangana,26-35,T30
INV003979,8,56.0,123,16,38.9,True,Madhya Pradesh,36-45,T30
INV003981,7,67.7,237,14,78.4,True,Haryana,46-55,B30
INV003985,6,93.0,191,19,65.6,True,Tamil Nadu,18-25,B30
INV003996,6,95.2,244,7,100.4,True,Karnataka,36-45,T30
INV004001,8,40.3,123,2,38.5,True,Delhi,56+,T30
INV004004,10,40.8,88,6,29.1,True,Delhi,18-25,T30
INV004005,7,73.7,314,8,108.5,True,West Bengal,26-35,T30
INV004007,7,38.8,102,4,33.8,True,Delhi,18-25,T30
INV004009,8,62.3,87,5,25.5,True,Gujarat,18-25,T30
INV004014,9,61.9,182,1,54.3,True,Telangana,56+,T30
INV004015,6,88.0,190,3,74.0,True,Maharashtra,18-25,T30
INV004017,7,40.5,85,8,28.0,True,West Bengal,36-45,T30
INV004023,10,52.0,93,9,29.4,True,Tamil Nadu,46-55,T30
INV004037,6,74.6,137,6,49.7,True,Gujarat,26-35,T30
INV004038,7,71.7,207,10,71.6,True,Gujarat,26-35,T30
INV004049,6,48.2,83,19,25.1,True,Gujarat,36-45,T30
INV004063,8,56.6,167,2,58.6,True,Haryana,36-45,T30
INV004066,7,75.2,319,1,116.5,True,Gujarat,46-55,T30
INV004069,6,74.0,196,2,70.2,True,Delhi,26-35,T30
INV004070,7,67.7,170,18,51.1,True,Maharashtra,26-35,T30
INV004079,7,71.3,164,3,60.7,True,Karnataka,36-45,T30
INV004085,7,68.3,260,1,88.5,True,Maharashtra,36-45,T30
INV004091,6,73.6,240,0,86.2,True,Tamil Nadu,26-35,T30
INV004094,6,55.8,167,14,56.2,True,Haryana,26-35,B30
INV004098,6,58.2,87,27,19.3,True,Delhi,26-35,T30
INV004099,6,58.8,174,15,59.2,True,West Bengal,26-35,T30
INV004106,6,55.8,151,12,52.5,True,Gujarat,26-35,T30
INV004112,6,55.2,112,6,38.3,True,Madhya Pradesh,46-55,B30
INV004116,10,54.9,117,6,40.3,True,Gujarat,36-45,T30
INV004118,6,64.6,161,13,50.7,True,Punjab,36-45,T30
INV004119,6,73.2,237,3,83.5,True,Uttar Pradesh,26-35,B30
INV004123,6,85.0,138,18,39.6,True,Haryana,36-45,T30
INV004124,6,63.8,193,3,68.9,True,Maharashtra,56+,B30
INV004125,9,61.6,142,0,52.6,True,Gujarat,26-35,T30
INV004127,6,87.6,190,1,82.5,True,Madhya Pradesh,36-45,T30
INV004128,6,67.2,156,14,48.8,True,Haryana,18-25,B30
INV004134,6,35.4,54,8,16.8,True,West Bengal,36-45,T30
INV004135,10,50.1,164,2,50.6,True,Tamil Nadu,26-35,B30
INV004143,6,97.0,280,4,103.5,True,Gujarat,18-25,T30
INV004145,6,66.2,144,25,43.2,True,Gujarat,18-25,T30
INV004146,6,88.2,253,20,86.8,True,Uttar Pradesh,56+,B30
INV004147,6,72.2,136,15,40.4,True,Madhya Pradesh,26-35,B30
INV004149,6,50.2,130,2,45.3,True,Rajasthan,56+,B30
INV004151,8,63.1,197,13,66.0,True,Karnataka,26-35,B30
INV004153,8,60.0,125,1,40.6,True,Uttar Pradesh,46-55,B30
INV004154,12,46.7,90,1,27.8,True,Karnataka,18-25,B30
INV004172,8,63.0,196,6,62.6,True,Madhya Pradesh,26-35,T30
INV004174,6,86.6,195,23,59.0,True,Rajasthan,18-25,B30
INV004175,8,67.9,133,10,38.1,True,Tamil Nadu,36-45,B30
INV004177,8,45.4,117,5,34.7,True,Tamil Nadu,26-35,B30
INV004179,6,71.2,129,18,35.4,True,Maharashtra,26-35,T30
INV004181,6,93.4,245,15,84.5,True,Uttar Pradesh,26-35,T30
INV004191,7,77.2,310,16,105.4,True,Maharashtra,26-35,B30
INV004196,7,78.3,219,23,69.1,True,West Bengal,46-55,T30
INV004199,6,58.2,138,13,45.2,True,Tamil Nadu,56+,T30
INV004202,9,47.6,114,1,35.1,True,West Bengal,36-45,T30
INV004203,8,66.6,113,26,28.5,True,Madhya Pradesh,18-25,T30
INV004208,6,73.4,156,1,50.2,True,West Bengal,36-45,T30
INV004212,7,69.3,169,3,64.4,True,Uttar Pradesh,36-45,B30
INV004216,7,82.0,195,4,65.8,True,Karnataka,26-35,T30
INV004228,7,72.3,112,16,40.0,True,Madhya Pradesh,26-35,B30
INV004232,6,71.4,232,4,83.6,True,Tamil Nadu,26-35,T30
INV004239,8,61.1,130,9,44.2,True,Karnataka,18-25,T30
INV004241,10,53.7,117,6,38.2,True,Maharashtra,36-45,T30
INV004243,8,55.7,131,19,38.0,True,Punjab,36-45,B30
INV004246,7,34.2,64,25,13.5,False,West Bengal,36-45,T30
INV004247,6,87.2,274,6,97.7,True,Tamil Nadu,18-25,T30
INV004248,7,42.7,93,1,36.3,True,West Bengal,46-55,T30
INV004258,7,49.7,105,7,30.7,True,Gujarat,36-45,T30
INV004266,7,61.8,101,32,24.3,True,Delhi,36-45,T30
INV004267,7,53.3,109,3,38.7,True,Gujarat,46-55,T30
INV004270,7,69.7,204,13,68.6,True,Rajasthan,18-25,B30
INV004271,6,79.8,157,23,57.8,True,Maharashtra,18-25,T30
INV004279,8,50.3,116,6,31.5,True,Gujarat,36-45,T30
INV004281,8,41.7,93,2,33.6,True,Rajasthan,26-35,T30
INV004282,8,52.9,105,17,30.4,True,Punjab,26-35,B30
INV004285,7,76.2,169,1,62.4,True,Punjab,26-35,T30
INV004288,7,72.8,223,4,79.6,True,Punjab,18-25,B30
INV004289,11,45.9,201,7,55.2,True,Karnataka,26-35,T30
INV004293,6,81.8,142,2,58.0,True,Rajasthan,36-45,T30
INV004295,9,44.8,119,4,34.8,True,Karnataka,36-45,T30
INV004296,6,102.2,304,4,110.7,True,Telangana,26-35,T30
INV004297,9,41.9,82,0,26.3,True,Karnataka,36-45,T30
INV004299,8,64.1,175,1,57.1,True,Telangana,26-35,T30
INV004306,7,57.0,118,8,40.6,True,Telangana,26-35,T30
INV004308,7,84.7,244,8,82.9,True,Gujarat,26-35,T30
INV004314,6,83.0,195,15,65.2,True,Haryana,26-35,T30
INV004319,9,60.5,275,0,83.4,True,Gujarat,18-25,T30
INV004321,9,42.0,84,12,24.2,True,West Bengal,26-35,T30
INV004324,7,77.7,173,23,54.9,True,Madhya Pradesh,36-45,T30
INV004326,10,40.1,78,13,24.3,True,Delhi,26-35,T30
INV004332,8,64.7,149,2,51.6,True,Haryana,36-45,B30
INV004335,8,64.4,104,11,33.4,True,Gujarat,26-35,T30
INV004338,10,48.9,209,5,60.2,True,Maharashtra,46-55,T30
INV004340,6,67.8,252,4,95.4,True,Karnataka,26-35,B30
INV004343,6,63.0,190,6,66.6,True,Madhya Pradesh,18-25,B30
INV004348,6,52.2,120,18,36.3,True,Delhi,26-35,T30
INV004349,7,72.5,159,7,52.6,True,Haryana,26-35,T30
INV004356,6,30.8,81,2,28.3,False,West Bengal,36-45,T30
INV004357,8,72.4,305,8,97.8,True,Delhi,46-55,T30
INV004358,8,45.9,87,6,26.8,True,Tamil Nadu,26-35,B30
INV004361,8,61.6,124,6,43.9,True,Haryana,26-35,B30
INV004364,6,80.6,173,14,56.0,True,West Bengal,36-45,T30
INV004367,6,81.6,194,0,87.2,True,Karnataka,26-35,B30
INV004372,6,59.2,155,7,52.1,True,Haryana,26-35,B30
INV004391,6,57.0,96,15,29.6,True,Maharashtra,26-35,T30
INV004392,6,90.4,200,1,72.4,True,West Bengal,18-25,T30
INV004400,8,46.6,104,3,38.0,True,Uttar Pradesh,26-35,B30
INV004401,8,69.9,216,11,67.0,True,Rajasthan,26-35,B30
INV004403,6,73.6,150,25,44.6,True,West Bengal,26-35,T30
INV004410,11,40.9,138,0,38.0,True,Tamil Nadu,36-45,T30
INV004411,6,61.0,111,13,38.7,True,Maharashtra,26-35,T30
INV004412,7,82.3,173,8,57.9,True,Punjab,26-35,B30
INV004413,8,69.0,142,15,54.9,True,Maharashtra,26-35,T30
INV004414,8,53.9,176,7,52.4,True,Uttar Pradesh,26-35,T30
INV004421,6,90.8,221,7,82.0,True,Punjab,26-35,B30
INV004427,11,50.8,125,1,40.8,True,Punjab,36-45,B30
INV004434,6,84.6,156,7,62.2,True,Gujarat,46-55,T30
INV004446,6,65.8,170,5,55.3,True,West Bengal,26-35,T30
INV004447,7,49.8,129,1,42.6,True,West Bengal,36-45,T30
INV004450,6,61.6,153,13,55.7,True,Tamil Nadu,36-45,B30
INV004451,6,84.0,137,28,46.8,True,Madhya Pradesh,56+,B30
INV004452,7,81.0,180,1,72.9,True,Rajasthan,26-35,B30
INV004454,6,98.4,311,14,108.2,True,West Bengal,36-45,T30
INV004455,6,50.0,105,21,30.5,True,Telangana,18-25,T30
INV004457,6,81.4,188,10,61.3,True,Telangana,18-25,T30
INV004459,7,53.8,141,13,42.0,True,Maharashtra,26-35,T30
INV004460,9,42.5,93,7,26.7,True,Haryana,26-35,T30
INV004463,6,94.8,211,43,59.6,True,Karnataka,26-35,T30
INV004464,7,62.5,142,34,37.0,True,Haryana,26-35,B30
INV004468,7,76.8,154,18,51.2,True,Telangana,46-55,T30
INV004472,7,50.7,156,8,54.1,True,West Bengal,26-35,T30
INV004473,7,73.3,152,39,40.3,True,Karnataka,18-25,B30
INV004475,7,67.8,87,52,12.5,True,Punjab,26-35,B30
INV004477,8,58.7,180,12,55.3,True,Delhi,46-55,T30
INV004484,6,61.6,182,4,72.0,True,Punjab,46-55,B30
INV004502,7,74.5,165,25,44.3,True,Rajasthan,36-45,B30
INV004504,8,55.1,247,7,81.0,True,Telangana,46-55,T30
INV004511,6,37.2,89,13,27.3,True,Gujarat,46-55,T30
INV004517,6,86.6,185,30,55.3,True,West Bengal,46-55,T30
INV004521,7,54.5,76,18,19.3,True,Gujarat,18-25,T30
INV004523,6,87.2,127,34,31.6,True,Haryana,26-35,T30
INV004528,7,54.0,149,10,48.1,True,Madhya Pradesh,46-55,T30
INV004531,8,60.0,159,14,50.1,True,Haryana,26-35,T30
INV004533,7,55.0,118,17,31.9,True,Gujarat,36-45,T30
INV004542,7,34.0,59,3,22.9,False,Maharashtra,36-45,T30
INV004547,7,67.5,165,17,55.2,True,Madhya Pradesh,36-45,B30
INV004555,8,53.1,151,3,45.0,True,Uttar Pradesh,36-45,T30
INV004560,9,48.4,107,10,29.1,True,Tamil Nadu,36-45,B30
INV004562,6,83.8,158,23,55.5,True,Telangana,26-35,T30
INV004563,7,64.8,211,14,68.3,True,Gujarat,46-55,T30
INV004574,8,54.6,116,7,42.4,True,Maharashtra,36-45,T30
INV004576,6,63.0,132,1,53.0,True,Rajasthan,46-55,T30
INV004579,8,43.9,77,2,27.5,True,Rajasthan,26-35,T30
INV004581,8,72.1,234,7,70.1,True,Gujarat,26-35,T30
INV004589,6,71.4,225,0,83.0,True,Gujarat,36-45,T30
INV004594,8,59.1,122,4,44.1,True,Haryana,26-35,T30
INV004598,6,84.2,195,40,56.4,True,Tamil Nadu,46-55,T30
INV004602,9,59.6,242,10,73.6,True,Delhi,26-35,T30
INV004607,8,56.0,214,12,67.9,True,Telangana,26-35,T30
INV004608,8,55.0,96,1,33.5,True,Karnataka,26-35,T30
INV004611,7,51.2,217,3,75.3,True,Madhya Pradesh,18-25,B30
INV004614,6,79.6,117,34,35.7,True,Delhi,18-25,T30
INV004617,9,39.2,83,7,27.8,True,Karnataka,26-35,T30
INV004621,9,54.2,203,6,59.6,True,Punjab,36-45,B30
INV004625,6,96.4,246,22,81.0,True,Tamil Nadu,18-25,B30
INV004629,8,64.6,175,4,58.1,True,Karnataka,18-25,T30
INV004630,9,50.6,95,0,32.5,True,Madhya Pradesh,26-35,B30
INV004631,8,64.7,109,15,35.5,True,Tamil Nadu,36-45,T30
INV004633,7,78.2,189,6,66.2,True,Telangana,18-25,T30
INV004635,7,58.7,142,5,46.9,True,Punjab,18-25,T30
INV004636,6,75.6,160,12,67.0,True,Uttar Pradesh,18-25,B30
INV004638,7,54.3,110,2,32.7,True,Delhi,26-35,T30
INV004640,7,68.3,202,6,64.9,True,Telangana,36-45,T30
INV004641,6,67.8,105,15,33.3,True,Haryana,56+,B30
INV004642,6,54.8,232,1,89.4,True,Uttar Pradesh,46-55,B30
INV004643,6,50.6,101,24,28.0,True,Delhi,26-35,T30
INV004646,7,64.5,158,6,59.7,True,Madhya Pradesh,18-25,T30
INV004647,7,70.7,138,8,50.8,True,Madhya Pradesh,36-45,T30
INV004650,6,80.8,143,24,47.2,True,Punjab,56+,T30
INV004661,8,69.7,181,4,56.6,True,Maharashtra,26-35,B30
INV004665,6,83.4,137,33,40.5,True,Madhya Pradesh,36-45,B30
INV004672,7,72.0,127,16,34.0,True,Rajasthan,26-35,T30
INV004680,7,47.2,155,9,53.1,True,Punjab,36-45,T30
INV004682,9,42.2,105,4,29.6,True,Telangana,26-35,T30
INV004688,6,77.6,181,5,60.7,True,West Bengal,26-35,T30
INV004692,6,83.6,190,9,64.6,True,Madhya Pradesh,26-35,B30
INV004701,7,20.0,82,2,28.0,False,Haryana,26-35,T30
INV004704,6,93.8,141,10,49.6,True,Delhi,26-35,T30
INV004712,8,48.6,84,3,28.0,True,Uttar Pradesh,36-45,B30
INV004715,7,56.8,169,5,56.6,True,Tamil Nadu,46-55,T30
INV004716,7,74.0,197,0,80.1,True,Telangana,18-25,T30
INV004737,10,54.6,120,2,38.3,True,Madhya Pradesh,46-55,T30
INV004738,6,93.2,148,22,48.1,True,Uttar Pradesh,56+,B30
INV004741,7,72.3,157,0,53.7,True,Telangana,26-35,T30
INV004753,6,61.4,87,5,30.9,True,Karnataka,36-45,B30
INV004755,7,61.2,181,4,58.9,True,Uttar Pradesh,18-25,B30
INV004761,6,71.4,139,12,45.8,True,Madhya Pradesh,26-35,T30
INV004763,7,83.5,184,4,65.1,True,Karnataka,46-55,T30
INV004764,6,83.0,144,15,45.9,True,Punjab,46-55,B30
INV004770,8,72.9,146,18,40.2,True,Gujarat,18-25,T30
INV004776,9,57.4,145,13,40.7,True,Punjab,36-45,T30
INV004780,7,69.5,154,16,50.8,True,Haryana,36-45,T30
INV004785,7,66.2,248,14,82.5,True,Punjab,26-35,B30
INV004787,7,72.3,140,28,37.7,True,Haryana,26-35,B30
INV004798,7,53.7,106,13,30.0,True,Madhya Pradesh,26-35,B30
INV004804,6,79.2,137,41,42.5,True,Maharashtra,36-45,T30
INV004805,7,44.7,92,13,25.6,True,Madhya Pradesh,26-35,T30
INV004807,8,36.9,86,2,30.2,True,Maharashtra,36-45,T30
INV004813,6,62.0,253,1,96.5,True,West Bengal,26-35,T30
INV004819,7,62.0,120,14,38.0,True,Telangana,26-35,T30
INV004825,7,70.0,141,3,41.9,True,Delhi,56+,T30
INV004833,6,65.4,171,3,65.5,True,Madhya Pradesh,26-35,B30
INV004834,9,38.6,106,3,31.2,True,Delhi,26-35,T30
INV004840,7,41.0,103,12,37.9,True,Maharashtra,18-25,T30
INV004843,8,50.9,153,11,43.2,True,Haryana,56+,B30
INV004844,7,66.7,118,10,49.1,True,Maharashtra,26-35,T30
INV004845,6,81.8,197,42,58.2,True,West Bengal,18-25,T30
INV004847,7,73.5,281,11,94.6,True,Maharashtra,26-35,T30
INV004848,9,54.1,166,7,50.3,True,Haryana,26-35,T30
INV004860,6,78.4,189,0,64.7,True,Punjab,46-55,B30
INV004863,7,68.0,220,19,69.4,True,Maharashtra,26-35,T30
INV004864,8,43.3,114,8,35.8,True,Punjab,26-35,B30
INV004865,7,76.3,143,12,39.7,True,Maharashtra,56+,B30
INV004868,8,56.0,226,1,74.6,True,Karnataka,36-45,T30
INV004871,8,69.1,170,14,48.9,True,Punjab,26-35,T30
INV004877,7,80.5,276,11,95.0,True,Karnataka,26-35,B30
INV004889,7,70.7,159,40,42.1,True,Rajasthan,46-55,T30
INV004891,8,55.9,128,16,38.1,True,Telangana,46-55,T30
INV004896,6,79.4,252,2,92.6,True,Uttar Pradesh,18-25,B30
INV004901,6,54.6,96,14,27.5,True,Haryana,26-35,T30
INV004911,7,63.7,97,15,27.0,True,West Bengal,26-35,T30
INV004913,6,87.0,156,45,39.8,True,Rajasthan,26-35,B30
INV004916,7,75.5,162,2,58.4,True,Haryana,26-35,B30
INV004917,7,51.0,77,3,25.2,True,Uttar Pradesh,26-35,B30
INV004924,9,59.8,116,4,36.4,True,Telangana,36-45,T30
INV004925,7,70.8,105,33,30.5,True,Maharashtra,18-25,T30
INV004926,8,66.3,133,24,37.5,True,Karnataka,36-45,B30
INV004927,7,34.2,63,3,22.8,False,Maharashtra,26-35,B30
INV004947,6,45.0,75,6,27.7,True,Telangana,26-35,T30
INV004953,7,67.2,138,18,39.7,True,Haryana,36-45,B30
INV004956,8,59.1,155,7,48.1,True,Maharashtra,46-55,T30
INV004958,7,73.2,135,37,31.2,True,Maharashtra,36-45,T30
INV004959,6,68.6,193,15,67.5,True,Delhi,18-25,T30
INV004967,6,63.2,112,14,41.7,True,Telangana,26-35,T30
INV004973,9,55.0,99,7,30.0,True,Tamil Nadu,26-35,B30
INV004974,8,52.4,102,6,32.6,True,Gujarat,56+,T30
INV004978,7,63.8,157,4,55.4,True,Uttar Pradesh,46-55,T30
INV004981,8,49.1,115,2,37.4,True,Haryana,18-25,B30
INV004983,7,57.7,128,3,49.9,True,Madhya Pradesh,26-35,B30
INV004984,7,75.3,177,4,73.4,True,Uttar Pradesh,46-55,B30
INV004986,7,81.3,185,3,67.3,True,Madhya Pradesh,26-35,B30
INV004992,7,81.5,176,34,49.9,True,Rajasthan,26-35,B30
INV004996,10,46.3,104,8,30.5,True,Delhi,46-55,T30
INV004997,7,71.0,248,2,81.8,True,Tamil Nadu,36-45,B30
